,adult_females,adult_males,juveniles,pups,subadult_males
chip1.jpg,[],[],[],[],[]
chip10.jpg,[],[],[],[],[]
chip100.jpg,[],[],[],[],[]
chip1000.jpg,[],[],[],[],[]
chip1001.jpg,[],[],[],[],[]
chip1002.jpg,[],[],[],[],[]
chip1003.jpg,[],[],[],[],[]
chip1004.jpg,[],[],[],[],[]
chip1005.jpg,[],[],[],[],[]
chip1006.jpg,[],[],[],[],[]
chip1007.jpg,[],[],[],[],[]
chip1008.jpg,[],[],[],[],[]
chip1009.jpg,[],[],[],[],[]
chip101.jpg,[],[],[],[],[]
chip1010.jpg,[],[],[],[],[]
chip1011.jpg,[],[],[],[],[]
chip1012.jpg,[],[],[],[],[]
chip1013.jpg,[],[],[],[],[]
chip1014.jpg,[],[],[],[],[]
chip1015.jpg,[],[],[],[],[]
chip1016.jpg,[],[],[],[],[]
chip1017.jpg,[],[],[],[],[]
chip1018.jpg,[],[],[],[],[]
chip1019.jpg,[],[],[],[],[]
chip102.jpg,[],[],[],[],[]
chip1020.jpg,[],[],[],[],[]
chip1021.jpg,[],[],[],[],[]
chip1022.jpg,[],[],[],[],[]
chip1023.jpg,[],[],[],[],[]
chip1024.jpg,[],[],[],[],[]
chip1025.jpg,[],[],[],[],[]
chip1026.jpg,[],[],[],[],[]
chip1027.jpg,[],[],[],[],[]
chip1028.jpg,[],[],[],[],[]
chip1029.jpg,[],[],[],[],[]
chip103.jpg,[],[],[],[],[]
chip1030.jpg,[],[],[],[],[]
chip1031.jpg,[],[],[],[],[]
chip1032.jpg,[],[],[],[],[]
chip1033.jpg,[],[],[],[],[]
chip1034.jpg,[],[],[],[],[]
chip1035.jpg,[],[],[],[],[]
chip1036.jpg,[],[],[],[],[]
chip1037.jpg,[],[],[],[],[]
chip1038.jpg,[],[],[],[],[]
chip1039.jpg,[],[],[],[],[]
chip104.jpg,[],[],[],[],[]
chip1040.jpg,[],[],[],[],[]
chip1041.jpg,[],[],[],[],[]
chip1042.jpg,[],[],[],[],[]
chip1043.jpg,[],[],[],[],[]
chip1044.jpg,[],[],[],[],[]
chip1045.jpg,[],[],[],[],[]
chip1046.jpg,[],[],[],[],[]
chip1047.jpg,[],[],[],[],[]
chip1048.jpg,[],[],[],[],[]
chip1049.jpg,[],[],[],[],[]
chip105.jpg,[],[],[],[],[]
chip1050.jpg,[],[],[],[],[]
chip1051.jpg,[],[],[],[],[]
chip1052.jpg,[],[],[],[],[]
chip1053.jpg,[],[],[],[],[]
chip1054.jpg,[],[],[],[],[]
chip1055.jpg,[],[],[],[],[]
chip1056.jpg,[],[],[],[],[]
chip1057.jpg,[],[],[],[],[]
chip1058.jpg,[],[],[],[],[]
chip1059.jpg,[],[],[],[],[]
chip106.jpg,[],[],[],[],[]
chip1060.jpg,[],[],[],[],[]
chip1061.jpg,[],[],[],[],[]
chip1062.jpg,[],[],[],[],[]
chip1063.jpg,[],[],[],[],[]
chip1064.jpg,[],[],[],[],[]
chip1065.jpg,[],[],[],[],[]
chip1066.jpg,[],[],[],[],[]
chip1067.jpg,[],[],[],[],[]
chip1068.jpg,[],[],[],[],[]
chip1069.jpg,[],[],[],[],[]
chip107.jpg,[],[],[],[],[]
chip1070.jpg,[],[],[],[],[]
chip1071.jpg,[],[],[],[],[]
chip1072.jpg,[],[],[],[],[]
chip1073.jpg,[],[],[],[],[]
chip1074.jpg,[],[],[],[],[]
chip1075.jpg,[],[],[],[],[]
chip1076.jpg,[],[],[],[],[]
chip1077.jpg,[],[],[],[],[]
chip1078.jpg,[],[],[],[],[]
chip1079.jpg,[],[],[],[],[]
chip108.jpg,[],[],[],[],[]
chip1080.jpg,[],[],[],[],[]
chip1081.jpg,[],[],[],[],[]
chip1082.jpg,[],[],[],[],[]
chip1083.jpg,[],[],[],[],[]
chip1084.jpg,[],[],[],[],[]
chip1085.jpg,[],[],[],[],[]
chip1086.jpg,[],[],[],[],[]
chip1087.jpg,[],[],[],[],[]
chip1088.jpg,[],[],[],[],[]
chip1089.jpg,[],[],[],[],[]
chip109.jpg,[],[],[],[],[]
chip1090.jpg,[],[],[],[],[]
chip1091.jpg,[],[],[],[],[]
chip1092.jpg,[],[],[],[],[]
chip1093.jpg,[],[],[],[],[]
chip1094.jpg,[],[],[],[],[]
chip1095.jpg,[],[],[],[],[]
chip1096.jpg,[],[],[],[],[]
chip1097.jpg,[],[],[],[],[]
chip1098.jpg,[],[],[],[],[]
chip1099.jpg,[],[],[],[],[]
chip11.jpg,[],[],[],[],[]
chip110.jpg,[],[],[],[],[]
chip1100.jpg,[],[],[],[],[]
chip1101.jpg,[],[],[],[],[]
chip1102.jpg,[],[],[],[],[]
chip1103.jpg,[],[],[],[],[]
chip1104.jpg,[],[],[],[],[]
chip1105.jpg,[],[],[],[],[]
chip1106.jpg,[],[],[],[],[]
chip1107.jpg,[],[],[],[],[]
chip1108.jpg,[],[],[],[],[]
chip1109.jpg,[],[],[],[],[]
chip111.jpg,[],[],[],[],[]
chip1110.jpg,[],[],[],[],[]
chip1111.jpg,[],[],[],[],[]
chip1112.jpg,[],[],[],[],[]
chip1113.jpg,[],[],[],[],[]
chip1114.jpg,[],[],[],[],[]
chip1115.jpg,[],[],[],[],[]
chip1116.jpg,[],[],[],[],[]
chip1117.jpg,[],[],[],[],[]
chip1118.jpg,[],[],[],[],[]
chip1119.jpg,[],[],[],[],[]
chip112.jpg,[],[],[],[],[]
chip1120.jpg,[],[],[],[],[]
chip1121.jpg,"[(99, 68)]",[],[],[],[]
chip1122.jpg,[],[],[],[],[]
chip1123.jpg,[],[],[],[],[]
chip1124.jpg,[],[],[],[],[]
chip1125.jpg,[],[],[],[],[]
chip1126.jpg,[],[],[],[],[]
chip1127.jpg,[],[],[],[],[]
chip1128.jpg,[],[],[],[],[]
chip1129.jpg,[],[],[],[],[]
chip113.jpg,[],[],[],[],[]
chip1130.jpg,[],[],[],[],[]
chip1131.jpg,[],[],[],[],[]
chip1132.jpg,[],[],[],[],[]
chip1133.jpg,"[(85, 99), (37, 95), (77, 90), (71, 80), (51, 75)]",[],"[(90, 71)]",[],[]
chip1134.jpg,"[(17, 82), (30, 79), (39, 77), (19, 73), (30, 70), (0, 68), (64, 54), (89, 52), (23, 37), (6, 37), (28, 33), (36, 24), (82, 17)]",[],[],[],[]
chip1135.jpg,"[(40, 2)]",[],"[(89, 47), (23, 0)]",[],[]
chip1136.jpg,[],[],[],[],[]
chip1137.jpg,[],[],[],[],[]
chip1138.jpg,[],[],[],[],[]
chip1139.jpg,[],[],[],[],[]
chip114.jpg,[],[],[],[],[]
chip1140.jpg,[],[],[],[],[]
chip1141.jpg,[],[],[],[],[]
chip1142.jpg,[],[],[],[],[]
chip1143.jpg,[],[],[],[],[]
chip1144.jpg,[],[],[],[],[]
chip1145.jpg,[],[],[],[],[]
chip1146.jpg,"[(28, 91), (76, 88)]",[],[],[],[]
chip1147.jpg,"[(70, 84), (39, 74), (51, 67), (6, 67), (45, 37), (0, 31), (21, 27), (12, 25), (0, 7)]",[],"[(71, 58), (45, 17)]",[],[]
chip1148.jpg,"[(16, 56), (32, 6)]",[],[],[],[]
chip1149.jpg,[],[],[],[],[]
chip115.jpg,[],[],[],[],[]
chip1150.jpg,[],[],[],[],[]
chip1151.jpg,[],[],[],[],[]
chip1152.jpg,[],[],[],[],[]
chip1153.jpg,[],[],[],[],[]
chip1154.jpg,[],[],[],[],[]
chip1155.jpg,[],[],[],[],[]
chip1156.jpg,[],[],[],[],[]
chip1157.jpg,[],[],[],[],[]
chip1158.jpg,"[(99, 53)]",[],[],[],[]
chip1159.jpg,[],[],[],[],[]
chip116.jpg,[],[],[],[],[]
chip1160.jpg,"[(51, 99), (37, 99), (66, 91), (43, 75), (66, 70), (80, 66), (77, 52)]",[],"[(35, 79)]",[],[]
chip1161.jpg,"[(33, 53), (53, 49), (73, 22), (55, 16), (35, 10), (74, 2), (51, 0)]",[],"[(79, 66), (37, 25)]",[],[]
chip1162.jpg,"[(60, 52), (18, 14), (33, 6)]",[],[],[],[]
chip1163.jpg,[],[],[],[],[]
chip1164.jpg,[],[],[],[],[]
chip1165.jpg,[],[],[],[],[]
chip1166.jpg,[],[],[],[],[]
chip1167.jpg,[],[],[],[],[]
chip1168.jpg,[],[],[],[],[]
chip1169.jpg,[],[],[],[],[]
chip117.jpg,[],[],[],[],[]
chip1170.jpg,[],[],[],[],[]
chip1171.jpg,"[(21, 54), (0, 53), (8, 45), (87, 44), (88, 32)]",[],"[(99, 44)]",[],[]
chip1172.jpg,"[(86, 62), (95, 50), (99, 39), (47, 17)]",[],[],[],[]
chip1173.jpg,"[(38, 89), (15, 59), (34, 27)]",[],[],[],[]
chip1174.jpg,[],[],[],[],[]
chip1175.jpg,[],[],[],[],[]
chip1176.jpg,[],[],[],[],[]
chip1177.jpg,"[(6, 65)]",[],[],[],[]
chip1178.jpg,[],[],[],[],[]
chip1179.jpg,[],[],[],[],[]
chip118.jpg,[],[],[],[],[]
chip1180.jpg,[],[],[],[],[]
chip1181.jpg,[],[],[],[],[]
chip1182.jpg,[],[],[],[],[]
chip1183.jpg,[],[],[],[],[]
chip1184.jpg,"[(23, 84), (46, 82), (29, 55), (8, 55), (61, 45), (84, 36), (36, 36), (21, 36), (19, 29), (78, 28), (48, 27), (60, 17), (31, 14), (76, 8)]",[],"[(20, 50), (49, 8), (35, 4)]",[],[]
chip1185.jpg,"[(79, 99), (64, 95), (83, 72), (57, 70), (38, 69), (21, 59), (6, 49), (48, 46), (36, 44), (67, 38), (22, 37), (34, 36), (11, 20), (90, 16)]",[],"[(76, 51), (17, 26)]",[],[]
chip1186.jpg,"[(71, 5), (99, 0)]",[],[],[],[]
chip1187.jpg,[],[],[],[],[]
chip1188.jpg,[],[],[],[],[]
chip1189.jpg,[],[],[],[],[]
chip119.jpg,[],[],[],[],[]
chip1190.jpg,[],[],[],[],[]
chip1191.jpg,[],[],[],[],[]
chip1192.jpg,[],[],[],[],[]
chip1193.jpg,[],[],[],[],[]
chip1194.jpg,[],[],[],[],[]
chip1195.jpg,[],[],[],[],[]
chip1196.jpg,[],[],[],[],[]
chip1197.jpg,[],[],[],[],[]
chip1198.jpg,"[(3, 17)]",[],[],[],[]
chip1199.jpg,"[(0, 0)]",[],[],[],[]
chip12.jpg,[],[],[],[],[]
chip120.jpg,[],[],[],[],[]
chip1200.jpg,[],[],[],[],[]
chip1201.jpg,[],[],[],[],[]
chip1202.jpg,[],[],[],[],[]
chip1203.jpg,[],[],[],[],[]
chip1204.jpg,[],[],[],[],[]
chip1205.jpg,[],[],[],[],[]
chip1206.jpg,[],[],[],[],[]
chip1207.jpg,[],[],[],[],[]
chip1208.jpg,[],[],[],[],[]
chip1209.jpg,[],[],[],[],[]
chip121.jpg,[],[],[],[],[]
chip1210.jpg,[],[],[],[],[]
chip1211.jpg,[],[],[],[],[]
chip1212.jpg,[],[],[],[],[]
chip1213.jpg,[],[],[],[],[]
chip1214.jpg,[],[],[],[],[]
chip1215.jpg,[],[],[],[],[]
chip1216.jpg,[],[],[],[],[]
chip1217.jpg,[],[],[],[],[]
chip1218.jpg,[],[],[],[],[]
chip1219.jpg,[],[],[],[],[]
chip122.jpg,[],[],[],[],[]
chip1220.jpg,[],[],[],[],[]
chip1221.jpg,[],[],[],[],[]
chip1222.jpg,[],[],[],[],[]
chip1223.jpg,[],[],[],[],[]
chip1224.jpg,[],[],[],[],[]
chip1225.jpg,[],[],[],[],[]
chip1226.jpg,[],[],[],[],[]
chip1227.jpg,[],[],[],[],[]
chip1228.jpg,[],[],[],[],[]
chip1229.jpg,[],[],[],[],[]
chip123.jpg,[],[],[],[],[]
chip1230.jpg,[],[],[],[],[]
chip1231.jpg,[],[],[],[],[]
chip1232.jpg,[],[],[],[],[]
chip1233.jpg,[],[],[],[],[]
chip1234.jpg,[],[],[],[],[]
chip1235.jpg,[],[],[],[],[]
chip1236.jpg,[],[],[],[],[]
chip1237.jpg,[],[],[],[],[]
chip1238.jpg,[],[],[],[],[]
chip1239.jpg,[],[],[],[],[]
chip124.jpg,[],[],[],[],[]
chip1240.jpg,[],[],[],[],[]
chip1241.jpg,[],[],[],[],[]
chip1242.jpg,[],[],[],[],[]
chip1243.jpg,[],[],[],[],[]
chip1244.jpg,[],[],[],[],[]
chip1245.jpg,[],[],[],[],[]
chip1246.jpg,[],[],[],[],[]
chip1247.jpg,[],[],[],[],[]
chip1248.jpg,[],[],[],[],[]
chip1249.jpg,[],[],[],[],[]
chip125.jpg,[],[],[],[],[]
chip1250.jpg,[],[],[],[],[]
chip1251.jpg,[],[],[],[],[]
chip1252.jpg,[],[],[],[],[]
chip1253.jpg,[],[],[],[],[]
chip1254.jpg,[],[],[],[],[]
chip1255.jpg,[],[],[],[],[]
chip1256.jpg,[],[],[],[],[]
chip1257.jpg,[],[],[],[],[]
chip1258.jpg,[],[],[],[],[]
chip1259.jpg,[],[],[],[],[]
chip126.jpg,[],[],[],[],[]
chip1260.jpg,[],[],[],[],[]
chip1261.jpg,[],[],[],[],[]
chip1262.jpg,[],[],[],[],[]
chip1263.jpg,[],[],[],[],[]
chip1264.jpg,[],[],[],[],[]
chip1265.jpg,[],[],[],[],[]
chip1266.jpg,[],[],[],[],[]
chip1267.jpg,[],[],[],[],[]
chip1268.jpg,[],[],[],[],[]
chip1269.jpg,[],[],[],[],[]
chip127.jpg,[],[],[],[],[]
chip1270.jpg,[],[],[],[],[]
chip1271.jpg,[],[],[],[],[]
chip1272.jpg,[],[],[],[],[]
chip1273.jpg,[],[],[],[],[]
chip1274.jpg,[],[],[],[],[]
chip1275.jpg,[],[],[],[],[]
chip1276.jpg,[],[],[],[],[]
chip1277.jpg,[],[],[],[],[]
chip1278.jpg,[],[],[],[],[]
chip1279.jpg,[],[],[],[],[]
chip128.jpg,[],[],[],[],[]
chip1280.jpg,[],[],[],[],[]
chip1281.jpg,[],[],[],[],[]
chip1282.jpg,[],[],[],[],[]
chip1283.jpg,[],[],[],[],[]
chip1284.jpg,[],[],[],[],[]
chip1285.jpg,[],[],[],[],[]
chip1286.jpg,[],[],[],[],[]
chip1287.jpg,[],[],[],[],[]
chip1288.jpg,[],[],[],[],[]
chip1289.jpg,[],[],[],[],[]
chip129.jpg,[],[],[],[],[]
chip1290.jpg,[],[],[],[],[]
chip1291.jpg,[],[],[],[],[]
chip1292.jpg,[],[],[],[],[]
chip1293.jpg,[],[],[],[],[]
chip1294.jpg,[],[],[],[],[]
chip1295.jpg,[],[],[],[],[]
chip1296.jpg,[],[],[],[],[]
chip1297.jpg,[],[],[],[],[]
chip1298.jpg,[],[],[],[],[]
chip1299.jpg,[],[],[],[],[]
chip13.jpg,[],[],[],[],[]
chip130.jpg,[],[],[],[],[]
chip1300.jpg,[],[],[],[],[]
chip1301.jpg,[],[],[],[],[]
chip1302.jpg,[],[],[],[],[]
chip1303.jpg,[],[],[],[],[]
chip1304.jpg,[],[],[],[],[]
chip1305.jpg,[],[],[],[],[]
chip1306.jpg,[],[],[],[],[]
chip1307.jpg,[],[],[],[],[]
chip1308.jpg,[],[],[],[],[]
chip1309.jpg,[],[],[],[],[]
chip131.jpg,[],[],[],[],[]
chip1310.jpg,[],[],[],[],[]
chip1311.jpg,[],[],[],[],[]
chip1312.jpg,[],[],[],[],[]
chip1313.jpg,[],[],[],[],[]
chip1314.jpg,[],[],[],[],[]
chip1315.jpg,[],[],[],[],[]
chip1316.jpg,[],[],[],[],[]
chip1317.jpg,[],[],[],[],[]
chip1318.jpg,[],[],[],[],[]
chip1319.jpg,[],[],[],[],[]
chip132.jpg,[],[],[],[],[]
chip1320.jpg,[],[],[],[],[]
chip1321.jpg,[],[],[],[],[]
chip1322.jpg,[],[],[],[],[]
chip1323.jpg,[],[],[],[],[]
chip1324.jpg,[],[],[],[],[]
chip1325.jpg,[],[],[],[],[]
chip1326.jpg,[],[],[],[],[]
chip1327.jpg,[],[],[],[],[]
chip1328.jpg,[],[],[],[],[]
chip1329.jpg,[],[],[],[],[]
chip133.jpg,[],[],[],[],[]
chip1330.jpg,[],[],[],[],[]
chip1331.jpg,[],[],[],[],[]
chip1332.jpg,[],[],[],[],[]
chip1333.jpg,[],[],[],[],[]
chip1334.jpg,[],[],[],[],[]
chip1335.jpg,[],[],[],[],[]
chip1336.jpg,[],[],[],[],[]
chip1337.jpg,[],[],[],[],[]
chip1338.jpg,[],[],[],[],[]
chip1339.jpg,[],[],[],[],[]
chip134.jpg,[],[],[],[],[]
chip1340.jpg,[],[],[],[],[]
chip1341.jpg,[],[],[],[],[]
chip1342.jpg,[],[],[],[],[]
chip1343.jpg,[],[],[],[],[]
chip1344.jpg,[],[],[],[],[]
chip1345.jpg,[],[],[],[],[]
chip1346.jpg,[],[],[],[],[]
chip1347.jpg,[],[],[],[],[]
chip1348.jpg,[],[],[],[],[]
chip1349.jpg,[],[],[],[],[]
chip135.jpg,[],[],[],[],[]
chip1350.jpg,[],[],[],[],[]
chip1351.jpg,[],[],[],[],[]
chip1352.jpg,[],[],[],[],[]
chip1353.jpg,[],[],[],[],[]
chip1354.jpg,[],[],[],[],[]
chip1355.jpg,[],[],[],[],[]
chip1356.jpg,[],[],[],[],[]
chip1357.jpg,[],[],[],[],[]
chip1358.jpg,[],[],[],[],[]
chip1359.jpg,[],[],[],[],[]
chip136.jpg,[],[],[],[],[]
chip1360.jpg,[],[],[],[],[]
chip1361.jpg,[],[],[],[],[]
chip1362.jpg,[],[],[],[],[]
chip1363.jpg,[],[],[],[],[]
chip1364.jpg,[],[],[],[],[]
chip1365.jpg,[],[],[],[],[]
chip1366.jpg,[],[],[],[],[]
chip1367.jpg,[],[],[],[],[]
chip1368.jpg,[],[],[],[],[]
chip1369.jpg,[],[],[],[],[]
chip137.jpg,[],[],[],[],[]
chip1370.jpg,[],[],[],[],[]
chip1371.jpg,[],[],[],[],[]
chip1372.jpg,[],[],[],[],[]
chip1373.jpg,[],[],[],[],[]
chip1374.jpg,[],[],[],[],[]
chip1375.jpg,[],[],[],[],[]
chip1376.jpg,[],[],[],[],[]
chip1377.jpg,[],[],[],[],[]
chip1378.jpg,[],[],[],[],[]
chip1379.jpg,[],[],[],[],[]
chip138.jpg,[],[],[],[],[]
chip1380.jpg,[],[],[],[],[]
chip1381.jpg,[],[],[],[],[]
chip1382.jpg,[],[],[],[],[]
chip1383.jpg,[],[],[],[],[]
chip1384.jpg,[],[],[],[],[]
chip1385.jpg,[],[],[],[],[]
chip1386.jpg,[],[],[],[],[]
chip1387.jpg,[],[],[],[],[]
chip1388.jpg,[],[],[],[],[]
chip1389.jpg,[],[],[],[],[]
chip139.jpg,[],[],[],[],[]
chip1390.jpg,[],[],[],[],[]
chip1391.jpg,[],[],[],[],[]
chip1392.jpg,[],[],[],[],[]
chip1393.jpg,[],[],[],[],[]
chip1394.jpg,[],[],[],[],[]
chip1395.jpg,[],[],[],[],[]
chip1396.jpg,[],[],[],[],[]
chip1397.jpg,[],[],[],[],[]
chip1398.jpg,[],[],[],[],[]
chip1399.jpg,[],[],[],[],[]
chip14.jpg,[],[],[],[],[]
chip140.jpg,[],[],[],[],[]
chip1400.jpg,[],[],[],[],[]
chip1401.jpg,[],[],[],[],[]
chip1402.jpg,[],[],[],[],[]
chip1403.jpg,[],[],[],[],[]
chip1404.jpg,[],[],[],[],[]
chip1405.jpg,[],[],[],[],[]
chip1406.jpg,[],[],[],[],[]
chip1407.jpg,[],[],[],[],[]
chip1408.jpg,[],[],[],[],[]
chip1409.jpg,[],[],[],[],[]
chip141.jpg,[],[],[],[],[]
chip1410.jpg,[],[],[],[],[]
chip1411.jpg,[],[],[],[],[]
chip1412.jpg,[],[],[],[],[]
chip1413.jpg,[],[],[],[],[]
chip1414.jpg,[],[],[],[],[]
chip1415.jpg,[],[],[],[],[]
chip1416.jpg,[],[],[],[],[]
chip1417.jpg,[],[],[],[],[]
chip1418.jpg,[],[],[],[],[]
chip1419.jpg,[],[],[],[],[]
chip142.jpg,[],[],[],[],[]
chip1420.jpg,[],[],[],[],[]
chip1421.jpg,[],[],[],[],[]
chip1422.jpg,[],[],[],[],[]
chip1423.jpg,[],[],[],[],[]
chip1424.jpg,[],[],[],[],[]
chip1425.jpg,[],[],[],[],[]
chip1426.jpg,[],[],[],[],[]
chip1427.jpg,[],[],[],[],[]
chip1428.jpg,[],[],[],[],[]
chip1429.jpg,[],[],[],[],[]
chip143.jpg,[],[],[],[],[]
chip1430.jpg,[],[],[],[],[]
chip1431.jpg,[],[],[],[],[]
chip1432.jpg,[],[],[],[],[]
chip1433.jpg,[],[],[],[],[]
chip1434.jpg,[],[],[],[],[]
chip1435.jpg,[],[],[],[],[]
chip1436.jpg,[],[],[],[],[]
chip1437.jpg,[],[],[],[],[]
chip1438.jpg,[],[],[],[],[]
chip1439.jpg,[],[],[],[],[]
chip144.jpg,[],[],[],[],[]
chip1440.jpg,[],[],[],[],[]
chip1441.jpg,[],[],[],[],[]
chip1442.jpg,[],[],[],[],[]
chip1443.jpg,[],[],[],[],[]
chip1444.jpg,[],[],[],[],[]
chip1445.jpg,[],[],[],[],[]
chip1446.jpg,[],[],[],[],[]
chip1447.jpg,[],[],[],[],[]
chip1448.jpg,[],[],[],[],[]
chip1449.jpg,[],[],[],[],[]
chip145.jpg,[],[],[],[],[]
chip1450.jpg,[],[],[],[],[]
chip1451.jpg,[],[],[],[],[]
chip1452.jpg,[],[],[],[],[]
chip1453.jpg,[],[],[],[],[]
chip1454.jpg,[],[],[],[],[]
chip1455.jpg,[],[],[],[],[]
chip1456.jpg,[],[],[],[],[]
chip1457.jpg,[],[],[],[],[]
chip1458.jpg,[],[],[],[],[]
chip1459.jpg,[],[],[],[],[]
chip146.jpg,[],[],[],[],[]
chip1460.jpg,[],[],[],[],[]
chip1461.jpg,[],[],[],[],[]
chip1462.jpg,[],[],[],[],[]
chip1463.jpg,[],[],[],[],[]
chip1464.jpg,[],[],[],[],[]
chip1465.jpg,[],[],[],[],[]
chip1466.jpg,[],[],[],[],[]
chip1467.jpg,[],[],[],[],[]
chip1468.jpg,[],[],[],[],[]
chip1469.jpg,[],[],[],[],[]
chip147.jpg,[],[],[],[],[]
chip1470.jpg,[],[],[],[],[]
chip1471.jpg,[],[],[],[],[]
chip1472.jpg,[],[],[],[],[]
chip1473.jpg,[],[],[],[],[]
chip1474.jpg,[],[],[],[],[]
chip1475.jpg,[],[],[],[],[]
chip1476.jpg,[],[],[],[],[]
chip1477.jpg,[],[],[],[],[]
chip1478.jpg,[],[],[],[],[]
chip1479.jpg,[],[],[],[],[]
chip148.jpg,[],[],[],[],[]
chip1480.jpg,[],[],[],[],[]
chip1481.jpg,[],[],[],[],[]
chip1482.jpg,[],[],[],[],[]
chip1483.jpg,[],[],[],[],[]
chip1484.jpg,[],[],[],[],[]
chip1485.jpg,[],[],[],[],[]
chip1486.jpg,[],[],[],[],[]
chip1487.jpg,[],[],[],[],[]
chip1488.jpg,[],[],[],[],[]
chip1489.jpg,[],[],[],[],[]
chip149.jpg,[],[],[],[],[]
chip1490.jpg,[],[],[],[],[]
chip1491.jpg,[],[],[],[],[]
chip1492.jpg,[],[],[],[],[]
chip1493.jpg,[],[],[],[],[]
chip1494.jpg,[],[],[],[],[]
chip1495.jpg,[],[],[],[],[]
chip1496.jpg,[],[],[],[],[]
chip1497.jpg,[],[],[],[],[]
chip1498.jpg,[],[],[],[],[]
chip1499.jpg,[],[],[],[],[]
chip15.jpg,[],[],[],[],[]
chip150.jpg,[],[],[],[],[]
chip1500.jpg,[],[],[],[],[]
chip1501.jpg,[],[],[],[],[]
chip1502.jpg,[],[],[],[],[]
chip1503.jpg,[],[],[],[],[]
chip1504.jpg,[],[],[],[],[]
chip1505.jpg,[],[],[],[],[]
chip1506.jpg,[],[],[],[],[]
chip1507.jpg,[],[],[],[],[]
chip1508.jpg,[],[],[],[],[]
chip1509.jpg,[],[],[],[],[]
chip151.jpg,[],[],[],[],[]
chip1510.jpg,[],[],[],[],[]
chip1511.jpg,[],[],[],[],[]
chip1512.jpg,[],[],[],[],[]
chip1513.jpg,[],[],[],[],[]
chip1514.jpg,[],[],[],[],[]
chip1515.jpg,[],[],[],[],[]
chip1516.jpg,[],[],[],[],[]
chip1517.jpg,[],[],[],[],[]
chip1518.jpg,[],[],[],[],[]
chip1519.jpg,[],[],[],[],[]
chip152.jpg,"[(91, 92), (83, 75)]",[],[],[],[]
chip1520.jpg,[],[],[],[],[]
chip1521.jpg,[],[],[],[],[]
chip1522.jpg,[],[],[],[],[]
chip1523.jpg,[],[],[],[],[]
chip1524.jpg,[],[],[],[],[]
chip1525.jpg,[],[],[],[],[]
chip1526.jpg,[],[],[],[],[]
chip1527.jpg,[],[],[],[],[]
chip1528.jpg,[],[],[],[],[]
chip1529.jpg,[],[],[],[],[]
chip153.jpg,"[(75, 96), (90, 91), (79, 85), (99, 52), (54, 44), (73, 31), (63, 11)]",[],[],[],[]
chip1530.jpg,[],[],[],[],[]
chip1531.jpg,[],[],[],[],[]
chip1532.jpg,[],[],[],[],[]
chip1533.jpg,[],[],[],[],[]
chip1534.jpg,[],[],[],[],[]
chip1535.jpg,[],[],[],[],[]
chip1536.jpg,[],[],[],[],[]
chip1537.jpg,[],[],[],[],[]
chip1538.jpg,[],[],[],[],[]
chip1539.jpg,[],[],[],[],[]
chip154.jpg,"[(83, 24), (92, 14)]",[],[],[],[]
chip1540.jpg,[],[],[],[],[]
chip1541.jpg,[],[],[],[],[]
chip1542.jpg,[],[],[],[],[]
chip1543.jpg,[],[],[],[],[]
chip1544.jpg,[],[],[],[],[]
chip1545.jpg,[],[],[],[],[]
chip1546.jpg,[],[],[],[],[]
chip1547.jpg,[],[],[],[],[]
chip1548.jpg,[],[],[],[],[]
chip1549.jpg,[],[],[],[],[]
chip155.jpg,[],[],[],[],[]
chip1550.jpg,[],[],[],[],[]
chip1551.jpg,[],[],[],[],[]
chip1552.jpg,[],[],[],[],[]
chip1553.jpg,[],[],[],[],[]
chip1554.jpg,[],[],[],[],[]
chip1555.jpg,[],[],[],[],[]
chip1556.jpg,[],[],[],[],[]
chip1557.jpg,[],[],[],[],[]
chip1558.jpg,[],[],[],[],[]
chip1559.jpg,[],[],[],[],[]
chip156.jpg,[],[],[],[],[]
chip1560.jpg,[],[],[],[],[]
chip1561.jpg,[],[],[],[],[]
chip1562.jpg,[],[],[],[],[]
chip1563.jpg,[],[],[],[],[]
chip1564.jpg,[],[],[],[],[]
chip1565.jpg,[],[],[],[],[]
chip1566.jpg,[],[],[],[],[]
chip1567.jpg,[],[],[],[],[]
chip1568.jpg,[],[],[],[],[]
chip1569.jpg,[],[],[],[],[]
chip157.jpg,[],[],[],[],[]
chip1570.jpg,[],[],[],[],[]
chip1571.jpg,[],[],[],[],[]
chip1572.jpg,[],[],[],[],[]
chip1573.jpg,[],[],[],[],[]
chip1574.jpg,[],[],[],[],[]
chip1575.jpg,[],[],[],[],[]
chip1576.jpg,[],[],[],[],[]
chip1577.jpg,[],[],[],[],[]
chip1578.jpg,[],[],[],[],[]
chip1579.jpg,[],[],[],[],[]
chip158.jpg,[],[],[],[],[]
chip1580.jpg,[],[],[],[],[]
chip1581.jpg,[],[],[],[],[]
chip1582.jpg,[],[],[],[],[]
chip1583.jpg,[],[],[],[],[]
chip1584.jpg,[],[],[],[],[]
chip1585.jpg,[],[],[],[],[]
chip1586.jpg,[],[],[],[],[]
chip1587.jpg,[],[],[],[],[]
chip1588.jpg,[],[],[],[],[]
chip1589.jpg,[],[],[],[],[]
chip159.jpg,[],[],[],[],[]
chip1590.jpg,[],[],[],[],[]
chip1591.jpg,[],[],[],[],[]
chip1592.jpg,[],[],[],[],[]
chip1593.jpg,[],[],[],[],[]
chip1594.jpg,[],[],[],[],[]
chip1595.jpg,[],[],[],[],[]
chip1596.jpg,[],[],[],[],[]
chip1597.jpg,[],[],[],[],[]
chip1598.jpg,[],[],[],[],[]
chip1599.jpg,[],[],[],[],[]
chip16.jpg,[],[],[],[],[]
chip160.jpg,[],[],[],[],[]
chip1600.jpg,[],[],[],[],[]
chip1601.jpg,[],[],[],[],[]
chip1602.jpg,[],[],[],[],[]
chip1603.jpg,[],[],[],[],[]
chip1604.jpg,[],[],[],[],[]
chip1605.jpg,[],[],[],[],[]
chip1606.jpg,[],[],[],[],[]
chip1607.jpg,[],[],[],[],[]
chip1608.jpg,[],[],[],[],[]
chip1609.jpg,[],[],[],[],[]
chip161.jpg,"[(84, 94), (70, 69)]",[],[],[],[]
chip1610.jpg,[],[],[],[],[]
chip1611.jpg,[],[],[],[],[]
chip1612.jpg,[],[],[],[],[]
chip1613.jpg,[],[],[],[],[]
chip1614.jpg,[],[],[],[],[]
chip1615.jpg,[],[],[],[],[]
chip1616.jpg,[],[],[],[],[]
chip1617.jpg,[],[],[],[],[]
chip1618.jpg,[],[],[],[],[]
chip1619.jpg,[],[],[],[],[]
chip162.jpg,"[(99, 72), (81, 45), (25, 28)]",[],[],[],[]
chip1620.jpg,[],[],[],[],[]
chip1621.jpg,[],[],[],[],[]
chip1622.jpg,[],[],[],[],[]
chip1623.jpg,[],[],[],[],[]
chip1624.jpg,[],[],[],[],[]
chip1625.jpg,[],[],[],[],[]
chip1626.jpg,[],[],[],[],[]
chip1627.jpg,[],[],[],[],[]
chip1628.jpg,[],[],[],[],[]
chip1629.jpg,[],[],[],[],[]
chip163.jpg,"[(70, 95), (21, 81), (95, 64)]",[],[],[],[]
chip1630.jpg,[],[],[],[],[]
chip1631.jpg,[],[],[],[],[]
chip1632.jpg,[],[],[],[],[]
chip1633.jpg,[],[],[],[],[]
chip1634.jpg,[],[],[],[],[]
chip1635.jpg,[],[],[],[],[]
chip1636.jpg,[],[],[],[],[]
chip1637.jpg,[],[],[],[],[]
chip1638.jpg,[],[],[],[],[]
chip1639.jpg,[],[],[],[],[]
chip164.jpg,"[(53, 96), (77, 94), (27, 91), (53, 63), (80, 53), (58, 37), (11, 19), (80, 15)]",[],"[(75, 68), (79, 36)]",[],[]
chip1640.jpg,[],[],[],[],[]
chip1641.jpg,[],[],[],[],[]
chip1642.jpg,[],[],[],[],[]
chip1643.jpg,[],[],[],[],[]
chip1644.jpg,[],[],[],[],[]
chip1645.jpg,[],[],[],[],[]
chip1646.jpg,[],[],[],[],[]
chip1647.jpg,[],[],[],[],[]
chip1648.jpg,[],[],[],[],[]
chip1649.jpg,[],[],[],[],[]
chip165.jpg,"[(52, 88), (71, 74), (47, 55), (69, 45), (19, 33)]",[],"[(57, 78), (46, 77)]",[],[]
chip1650.jpg,[],[],[],[],[]
chip1651.jpg,[],[],[],[],[]
chip1652.jpg,[],[],[],[],[]
chip1653.jpg,[],[],[],[],[]
chip1654.jpg,[],[],[],[],[]
chip1655.jpg,[],[],[],[],[]
chip1656.jpg,[],[],[],[],[]
chip1657.jpg,[],[],[],[],[]
chip1658.jpg,[],[],[],[],[]
chip1659.jpg,[],[],[],[],[]
chip166.jpg,"[(20, 99), (0, 88), (17, 76), (22, 48), (17, 23), (67, 5), (29, 0)]",[],[],[],[]
chip1660.jpg,[],[],[],[],[]
chip1661.jpg,[],[],[],[],[]
chip1662.jpg,[],[],[],[],[]
chip1663.jpg,[],[],[],[],[]
chip1664.jpg,[],[],[],[],[]
chip1665.jpg,[],[],[],[],[]
chip1666.jpg,[],[],[],[],[]
chip1667.jpg,[],[],[],[],[]
chip1668.jpg,[],[],[],[],[]
chip1669.jpg,[],[],[],[],[]
chip167.jpg,[],[],[],[],[]
chip1670.jpg,[],[],[],[],[]
chip1671.jpg,[],[],[],[],[]
chip1672.jpg,[],[],[],[],[]
chip1673.jpg,[],[],[],[],[]
chip1674.jpg,[],[],[],[],[]
chip1675.jpg,[],[],[],[],[]
chip1676.jpg,[],[],[],[],[]
chip1677.jpg,[],[],[],[],[]
chip1678.jpg,[],[],[],[],[]
chip1679.jpg,[],[],[],[],[]
chip168.jpg,[],[],[],[],[]
chip1680.jpg,[],[],[],[],[]
chip1681.jpg,[],[],[],[],[]
chip1682.jpg,[],[],[],[],[]
chip1683.jpg,[],[],[],[],[]
chip1684.jpg,[],[],[],[],[]
chip1685.jpg,[],[],[],[],[]
chip1686.jpg,[],[],[],[],[]
chip1687.jpg,[],[],[],[],[]
chip1688.jpg,[],[],[],[],[]
chip1689.jpg,[],[],[],[],[]
chip169.jpg,[],[],[],[],[]
chip1690.jpg,[],[],[],[],[]
chip1691.jpg,[],[],[],[],[]
chip1692.jpg,[],[],[],[],[]
chip1693.jpg,[],[],[],[],[]
chip1694.jpg,[],[],[],[],[]
chip1695.jpg,[],[],[],[],[]
chip1696.jpg,[],[],[],[],[]
chip1697.jpg,[],[],[],[],[]
chip1698.jpg,[],[],[],[],[]
chip1699.jpg,[],[],[],[],[]
chip17.jpg,[],[],[],[],[]
chip170.jpg,[],[],[],[],[]
chip1700.jpg,[],[],[],[],[]
chip1701.jpg,[],[],[],[],[]
chip1702.jpg,[],[],[],[],[]
chip1703.jpg,[],[],[],[],[]
chip1704.jpg,[],[],[],[],[]
chip1705.jpg,[],[],[],[],[]
chip1706.jpg,[],[],[],[],[]
chip1707.jpg,[],[],[],[],[]
chip1708.jpg,[],[],[],[],[]
chip1709.jpg,[],[],[],[],[]
chip171.jpg,[],[],[],[],[]
chip1710.jpg,[],[],[],[],[]
chip1711.jpg,[],[],[],[],[]
chip1712.jpg,[],[],[],[],[]
chip1713.jpg,[],[],[],[],[]
chip1714.jpg,[],[],[],[],[]
chip1715.jpg,[],[],[],[],[]
chip1716.jpg,[],[],[],[],[]
chip1717.jpg,[],[],[],[],[]
chip1718.jpg,[],[],[],[],[]
chip1719.jpg,[],[],[],[],[]
chip172.jpg,[],[],[],[],[]
chip1720.jpg,[],[],[],[],[]
chip1721.jpg,[],[],[],[],[]
chip1722.jpg,[],[],[],[],[]
chip1723.jpg,[],[],[],[],[]
chip1724.jpg,[],[],[],[],[]
chip1725.jpg,[],[],[],[],[]
chip1726.jpg,[],[],[],[],[]
chip1727.jpg,[],[],[],[],[]
chip1728.jpg,[],[],[],[],[]
chip1729.jpg,[],[],[],[],[]
chip173.jpg,[],[],[],[],[]
chip1730.jpg,[],[],[],[],[]
chip1731.jpg,[],[],[],[],[]
chip1732.jpg,[],[],[],[],[]
chip1733.jpg,[],[],[],[],[]
chip1734.jpg,[],[],[],[],[]
chip1735.jpg,[],[],[],[],[]
chip1736.jpg,[],[],[],[],[]
chip1737.jpg,[],[],[],[],[]
chip1738.jpg,[],[],[],[],[]
chip1739.jpg,[],[],[],[],[]
chip174.jpg,[],[],"[(46, 90), (93, 68)]",[],[]
chip1740.jpg,[],[],[],[],[]
chip1741.jpg,[],[],[],[],[]
chip1742.jpg,[],[],[],[],[]
chip1743.jpg,[],[],[],[],[]
chip1744.jpg,[],[],[],[],[]
chip1745.jpg,[],[],[],[],[]
chip1746.jpg,[],[],[],[],[]
chip1747.jpg,[],[],[],[],[]
chip1748.jpg,[],[],[],[],[]
chip1749.jpg,[],[],[],[],[]
chip175.jpg,"[(43, 99), (58, 80), (80, 55), (86, 52), (67, 48)]",[],"[(69, 92), (69, 62), (54, 56)]",[],[]
chip1750.jpg,[],[],[],[],[]
chip1751.jpg,[],[],[],[],[]
chip1752.jpg,[],[],[],[],[]
chip1753.jpg,[],[],[],[],[]
chip1754.jpg,[],[],[],[],[]
chip1755.jpg,[],[],[],[],[]
chip1756.jpg,[],[],[],[],[]
chip1757.jpg,[],[],[],[],[]
chip1758.jpg,[],[],[],[],[]
chip1759.jpg,[],[],[],[],[]
chip176.jpg,"[(4, 91), (18, 87)]",[],"[(6, 55)]",[],[]
chip1760.jpg,[],[],[],[],[]
chip1761.jpg,[],[],[],[],[]
chip1762.jpg,[],[],[],[],[]
chip1763.jpg,[],[],[],[],[]
chip1764.jpg,[],[],[],[],[]
chip1765.jpg,[],[],[],[],[]
chip1766.jpg,[],[],[],[],[]
chip1767.jpg,[],[],[],[],[]
chip1768.jpg,[],[],[],[],[]
chip1769.jpg,[],[],[],[],[]
chip177.jpg,"[(8, 13)]",[],"[(17, 73)]",[],[]
chip1770.jpg,[],[],[],[],[]
chip1771.jpg,[],[],[],[],[]
chip1772.jpg,[],[],[],[],[]
chip1773.jpg,[],[],[],[],[]
chip1774.jpg,[],[],[],[],[]
chip1775.jpg,[],[],[],[],[]
chip1776.jpg,[],[],[],[],[]
chip1777.jpg,[],[],[],[],[]
chip1778.jpg,[],[],[],[],[]
chip1779.jpg,[],[],[],[],[]
chip178.jpg,[],[],[],[],[]
chip1780.jpg,[],[],[],[],[]
chip1781.jpg,[],[],[],[],[]
chip1782.jpg,[],[],[],[],[]
chip1783.jpg,[],[],[],[],[]
chip1784.jpg,"[(96, 82), (68, 61)]",[],[],"[(65, 49)]",[]
chip1785.jpg,"[(74, 9)]",[],[],[],[]
chip1786.jpg,[],[],[],[],[]
chip1787.jpg,[],[],[],[],[]
chip1788.jpg,[],[],[],[],[]
chip1789.jpg,[],[],[],[],[]
chip179.jpg,[],[],[],[],[]
chip1790.jpg,[],[],[],[],[]
chip1791.jpg,[],[],[],[],[]
chip1792.jpg,[],[],[],[],[]
chip1793.jpg,[],[],[],[],[]
chip1794.jpg,[],[],[],[],[]
chip1795.jpg,[],[],[],[],[]
chip1796.jpg,"[(92, 70), (41, 19)]",[],[],[],[]
chip1797.jpg,"[(19, 33)]",[],[],[],[]
chip1798.jpg,[],[],[],[],[]
chip1799.jpg,"[(31, 0)]",[],[],[],[]
chip18.jpg,[],[],[],[],[]
chip180.jpg,[],[],[],[],[]
chip1800.jpg,[],[],[],[],[]
chip1801.jpg,[],[],[],[],[]
chip1802.jpg,[],[],[],[],[]
chip1803.jpg,[],[],[],[],[]
chip1804.jpg,[],[],[],[],[]
chip1805.jpg,[],[],[],[],[]
chip1806.jpg,[],[],[],[],[]
chip1807.jpg,[],[],[],[],[]
chip1808.jpg,[],[],[],[],[]
chip1809.jpg,"[(50, 51)]",[],[],[],[]
chip181.jpg,[],[],[],[],[]
chip1810.jpg,[],[],[],[],[]
chip1811.jpg,[],[],[],[],[]
chip1812.jpg,[],[],[],[],[]
chip1813.jpg,[],[],[],[],[]
chip1814.jpg,[],[],[],[],[]
chip1815.jpg,[],[],[],[],[]
chip1816.jpg,[],[],[],[],[]
chip1817.jpg,[],[],[],[],[]
chip1818.jpg,[],[],[],[],[]
chip1819.jpg,[],[],[],[],[]
chip182.jpg,[],[],[],[],[]
chip1820.jpg,[],[],[],[],[]
chip1821.jpg,[],[],[],[],[]
chip1822.jpg,"[(88, 58), (28, 58)]",[],[],[],[]
chip1823.jpg,"[(63, 71), (13, 70), (84, 56), (49, 7)]",[],[],"[(33, 16)]",[]
chip1824.jpg,"[(4, 85), (43, 7)]",[],[],[],[]
chip1825.jpg,"[(6, 84), (65, 77), (63, 52)]",[],[],[],[]
chip1826.jpg,"[(82, 54), (50, 47), (61, 26)]",[],[],[],[]
chip1827.jpg,"[(71, 33), (45, 29)]",[],[],[],[]
chip1828.jpg,[],[],[],[],[]
chip1829.jpg,[],[],[],[],[]
chip183.jpg,[],[],[],[],[]
chip1830.jpg,[],[],[],[],[]
chip1831.jpg,[],[],[],[],[]
chip1832.jpg,[],[],[],[],[]
chip1833.jpg,[],[],[],[],[]
chip1834.jpg,[],[],[],[],[]
chip1835.jpg,[],[],[],[],[]
chip1836.jpg,[],[],[],[],[]
chip1837.jpg,"[(5, 43)]",[],[],[],[]
chip1838.jpg,"[(62, 92)]",[],[],[],[]
chip1839.jpg,"[(37, 17)]",[],"[(46, 15)]",[],[]
chip184.jpg,[],[],[],[],[]
chip1840.jpg,"[(4, 31)]",[],[],[],[]
chip1841.jpg,[],[],[],[],[]
chip1842.jpg,[],[],[],[],[]
chip1843.jpg,[],[],[],[],[]
chip1844.jpg,[],[],[],[],[]
chip1845.jpg,[],[],[],[],[]
chip1846.jpg,[],[],[],[],[]
chip1847.jpg,[],[],[],[],[]
chip1848.jpg,[],[],[],[],[]
chip1849.jpg,[],[],[],[],[]
chip185.jpg,[],[],[],[],[]
chip1850.jpg,[],[],[],[],[]
chip1851.jpg,[],[],[],[],[]
chip1852.jpg,"[(15, 82), (0, 69)]",[],[],[],[]
chip1853.jpg,"[(64, 52)]",[],[],[],[]
chip1854.jpg,"[(92, 99), (68, 37)]",[],[],[],[]
chip1855.jpg,[],[],[],[],[]
chip1856.jpg,[],[],[],[],[]
chip1857.jpg,[],[],[],[],[]
chip1858.jpg,[],[],[],[],[]
chip1859.jpg,[],[],[],[],[]
chip186.jpg,[],[],[],[],[]
chip1860.jpg,[],[],[],[],[]
chip1861.jpg,[],[],[],[],[]
chip1862.jpg,[],[],[],[],[]
chip1863.jpg,[],[],[],[],[]
chip1864.jpg,[],[],[],[],[]
chip1865.jpg,[],[],[],[],[]
chip1866.jpg,[],[],[],[],[]
chip1867.jpg,"[(32, 75), (9, 44)]",[],"[(34, 87)]",[],[]
chip1868.jpg,"[(74, 95), (81, 65), (82, 28)]",[],[],[],[]
chip1869.jpg,"[(6, 27), (66, 11), (39, 5)]",[],[],[],[]
chip187.jpg,[],[],[],[],[]
chip1870.jpg,[],[],[],[],[]
chip1871.jpg,[],[],[],[],[]
chip1872.jpg,[],[],[],[],[]
chip1873.jpg,[],[],[],[],[]
chip1874.jpg,[],[],[],[],[]
chip1875.jpg,[],[],[],[],[]
chip1876.jpg,[],[],[],[],[]
chip1877.jpg,[],[],[],[],[]
chip1878.jpg,[],[],[],[],[]
chip1879.jpg,[],[],[],[],[]
chip188.jpg,"[(0, 50)]",[],[],[],[]
chip1880.jpg,[],[],[],[],[]
chip1881.jpg,[],[],[],[],[]
chip1882.jpg,"[(5, 34)]",[],[],[],[]
chip1883.jpg,[],[],[],[],[]
chip1884.jpg,[],[],[],[],[]
chip1885.jpg,[],[],[],[],[]
chip1886.jpg,[],[],[],[],[]
chip1887.jpg,[],[],[],[],[]
chip1888.jpg,[],[],[],[],[]
chip1889.jpg,[],[],[],[],[]
chip189.jpg,[],[],[],[],[]
chip1890.jpg,[],[],[],[],[]
chip1891.jpg,[],[],[],[],[]
chip1892.jpg,[],[],[],[],[]
chip1893.jpg,[],[],[],[],[]
chip1894.jpg,[],[],[],[],[]
chip1895.jpg,[],[],[],[],[]
chip1896.jpg,[],[],[],[],[]
chip1897.jpg,[],[],[],[],[]
chip1898.jpg,[],[],[],[],[]
chip1899.jpg,[],[],[],[],[]
chip19.jpg,[],[],[],[],[]
chip190.jpg,[],[],[],[],[]
chip1900.jpg,[],[],[],[],[]
chip1901.jpg,[],[],[],[],[]
chip1902.jpg,[],[],[],[],[]
chip1903.jpg,[],[],[],[],[]
chip1904.jpg,[],[],[],[],[]
chip1905.jpg,[],[],[],[],[]
chip1906.jpg,[],[],[],[],[]
chip1907.jpg,[],[],[],[],[]
chip1908.jpg,[],[],[],[],[]
chip1909.jpg,[],[],[],[],[]
chip191.jpg,[],[],[],[],[]
chip1910.jpg,[],[],[],[],[]
chip1911.jpg,[],[],[],[],[]
chip1912.jpg,[],[],[],[],[]
chip1913.jpg,[],[],[],[],[]
chip1914.jpg,[],[],[],[],[]
chip1915.jpg,[],[],[],[],[]
chip1916.jpg,[],[],[],[],[]
chip1917.jpg,[],[],[],[],[]
chip1918.jpg,[],[],[],[],[]
chip1919.jpg,[],[],[],[],[]
chip192.jpg,[],[],[],[],[]
chip1920.jpg,[],[],[],[],[]
chip1921.jpg,[],[],[],[],[]
chip1922.jpg,[],[],[],[],[]
chip1923.jpg,[],[],[],[],[]
chip1924.jpg,[],[],[],[],[]
chip1925.jpg,[],[],[],[],[]
chip1926.jpg,[],[],[],[],[]
chip1927.jpg,[],[],[],[],[]
chip1928.jpg,[],[],[],[],[]
chip1929.jpg,[],[],[],[],[]
chip193.jpg,[],[],[],[],[]
chip1930.jpg,[],[],[],[],[]
chip1931.jpg,[],[],[],[],[]
chip1932.jpg,[],[],[],[],[]
chip1933.jpg,[],[],[],[],[]
chip1934.jpg,[],[],[],[],[]
chip1935.jpg,[],[],[],[],[]
chip1936.jpg,[],[],[],[],[]
chip1937.jpg,[],[],[],[],[]
chip1938.jpg,[],[],[],[],[]
chip1939.jpg,[],[],[],[],[]
chip194.jpg,[],[],[],[],[]
chip1940.jpg,[],[],[],[],[]
chip1941.jpg,[],[],[],[],[]
chip1942.jpg,[],[],[],[],[]
chip1943.jpg,[],[],[],[],[]
chip1944.jpg,[],[],[],[],[]
chip1945.jpg,[],[],[],[],[]
chip1946.jpg,[],[],[],[],[]
chip1947.jpg,[],[],[],[],[]
chip1948.jpg,[],[],[],[],[]
chip1949.jpg,[],[],[],[],[]
chip195.jpg,[],[],[],[],[]
chip1950.jpg,[],[],[],[],[]
chip1951.jpg,[],[],[],[],[]
chip1952.jpg,[],[],[],[],[]
chip1953.jpg,[],[],[],[],[]
chip1954.jpg,[],[],[],[],[]
chip1955.jpg,[],[],[],[],[]
chip1956.jpg,[],[],[],[],[]
chip1957.jpg,[],[],[],[],[]
chip1958.jpg,[],[],[],[],[]
chip1959.jpg,[],[],[],[],[]
chip196.jpg,[],[],[],[],[]
chip1960.jpg,[],[],[],[],[]
chip1961.jpg,[],[],[],[],[]
chip1962.jpg,[],[],[],[],[]
chip1963.jpg,[],[],[],[],[]
chip1964.jpg,[],[],[],[],[]
chip1965.jpg,[],[],[],[],[]
chip1966.jpg,[],[],[],[],[]
chip1967.jpg,[],[],[],[],[]
chip1968.jpg,[],[],[],[],[]
chip1969.jpg,[],[],[],[],[]
chip197.jpg,[],[],[],[],[]
chip1970.jpg,[],[],[],[],[]
chip1971.jpg,[],[],[],[],[]
chip1972.jpg,[],[],[],[],[]
chip1973.jpg,[],[],[],[],[]
chip1974.jpg,[],[],[],[],[]
chip1975.jpg,[],[],[],[],[]
chip1976.jpg,[],[],[],[],[]
chip1977.jpg,[],[],[],[],[]
chip1978.jpg,[],[],[],[],[]
chip1979.jpg,[],[],[],[],[]
chip198.jpg,[],[],[],[],[]
chip1980.jpg,[],[],[],[],[]
chip1981.jpg,[],[],[],[],[]
chip1982.jpg,[],[],[],[],[]
chip1983.jpg,[],[],[],[],[]
chip1984.jpg,[],[],[],[],[]
chip1985.jpg,[],[],[],[],[]
chip1986.jpg,[],[],[],[],[]
chip1987.jpg,[],[],[],[],[]
chip1988.jpg,[],[],[],[],[]
chip1989.jpg,[],[],[],[],[]
chip199.jpg,[],[],[],[],[]
chip1990.jpg,[],[],[],[],[]
chip1991.jpg,[],[],[],[],[]
chip1992.jpg,[],[],[],[],[]
chip1993.jpg,[],[],[],[],[]
chip1994.jpg,[],[],[],[],[]
chip1995.jpg,[],[],[],[],[]
chip1996.jpg,[],[],[],[],[]
chip1997.jpg,[],[],[],[],[]
chip1998.jpg,[],[],[],[],[]
chip1999.jpg,[],[],[],[],[]
chip2.jpg,[],[],[],[],[]
chip20.jpg,[],[],[],[],[]
chip200.jpg,[],[],[],[],[]
chip2000.jpg,[],[],[],[],[]
chip2001.jpg,[],[],[],[],[]
chip2002.jpg,[],[],[],[],[]
chip2003.jpg,[],[],[],[],[]
chip2004.jpg,[],[],[],[],[]
chip2005.jpg,[],[],[],[],[]
chip2006.jpg,[],[],[],[],[]
chip2007.jpg,[],[],[],[],[]
chip2008.jpg,[],[],[],[],[]
chip2009.jpg,[],[],[],[],[]
chip201.jpg,[],[],[],[],[]
chip2010.jpg,[],[],[],[],[]
chip2011.jpg,[],[],[],[],[]
chip2012.jpg,[],[],[],[],[]
chip2013.jpg,[],[],[],[],[]
chip2014.jpg,[],[],[],[],[]
chip2015.jpg,[],[],[],[],[]
chip2016.jpg,[],[],[],[],[]
chip2017.jpg,[],[],[],[],[]
chip2018.jpg,[],[],[],[],[]
chip2019.jpg,[],[],[],[],[]
chip202.jpg,[],[],[],[],[]
chip2020.jpg,[],[],[],[],[]
chip2021.jpg,[],[],[],[],[]
chip2022.jpg,[],[],[],[],[]
chip2023.jpg,[],[],[],[],[]
chip2024.jpg,[],[],[],[],[]
chip2025.jpg,[],[],[],[],[]
chip2026.jpg,[],[],[],[],[]
chip2027.jpg,[],[],[],[],[]
chip2028.jpg,[],[],[],[],[]
chip2029.jpg,[],[],[],[],[]
chip203.jpg,[],[],[],[],[]
chip2030.jpg,[],[],[],[],[]
chip2031.jpg,[],[],[],[],[]
chip2032.jpg,[],[],[],[],[]
chip2033.jpg,[],[],[],[],[]
chip2034.jpg,[],[],[],[],[]
chip2035.jpg,[],[],[],[],[]
chip2036.jpg,[],[],[],[],[]
chip2037.jpg,[],[],[],[],[]
chip2038.jpg,[],[],[],[],[]
chip2039.jpg,[],[],[],[],[]
chip204.jpg,[],[],[],[],[]
chip2040.jpg,[],[],[],[],[]
chip2041.jpg,[],[],[],[],[]
chip2042.jpg,[],[],[],[],[]
chip2043.jpg,[],[],[],[],[]
chip2044.jpg,[],[],[],[],[]
chip2045.jpg,[],[],[],[],[]
chip2046.jpg,[],[],[],[],[]
chip2047.jpg,[],[],[],[],[]
chip2048.jpg,[],[],[],[],[]
chip2049.jpg,[],[],[],[],[]
chip205.jpg,[],[],[],[],[]
chip2050.jpg,[],[],[],[],[]
chip2051.jpg,[],[],[],[],[]
chip2052.jpg,[],[],[],[],[]
chip2053.jpg,[],[],[],[],[]
chip2054.jpg,[],[],[],[],[]
chip2055.jpg,[],[],[],[],[]
chip2056.jpg,[],[],[],[],[]
chip2057.jpg,[],[],[],[],[]
chip2058.jpg,[],[],[],[],[]
chip2059.jpg,[],[],[],[],[]
chip206.jpg,[],[],[],[],[]
chip2060.jpg,[],[],[],[],[]
chip2061.jpg,[],[],[],[],[]
chip2062.jpg,[],[],[],[],[]
chip2063.jpg,[],[],[],[],[]
chip2064.jpg,[],[],[],[],[]
chip2065.jpg,[],[],[],[],[]
chip2066.jpg,[],[],[],[],[]
chip2067.jpg,[],[],[],[],[]
chip2068.jpg,[],[],[],[],[]
chip2069.jpg,[],[],[],[],[]
chip207.jpg,[],[],[],[],[]
chip2070.jpg,[],[],[],[],[]
chip2071.jpg,[],[],[],[],[]
chip2072.jpg,[],[],[],[],[]
chip2073.jpg,[],[],[],[],[]
chip2074.jpg,[],[],[],[],[]
chip2075.jpg,[],[],[],[],[]
chip2076.jpg,[],[],[],[],[]
chip2077.jpg,[],[],[],[],[]
chip2078.jpg,"[(41, 72)]",[],[],[],[]
chip2079.jpg,"[(70, 61)]",[],[],[],[]
chip208.jpg,[],[],[],[],[]
chip2080.jpg,[],[],[],[],[]
chip2081.jpg,[],[],[],[],[]
chip2082.jpg,[],[],[],[],[]
chip2083.jpg,[],[],[],[],[]
chip2084.jpg,[],[],[],[],[]
chip2085.jpg,[],[],[],[],[]
chip2086.jpg,[],[],[],[],[]
chip2087.jpg,[],[],[],[],[]
chip2088.jpg,[],[],[],[],[]
chip2089.jpg,[],[],"[(84, 94)]",[],[]
chip209.jpg,[],[],[],[],[]
chip2090.jpg,"[(16, 50), (82, 15), (93, 10)]",[],"[(77, 35), (54, 31)]",[],[]
chip2091.jpg,[],[],[],[],[]
chip2092.jpg,"[(20, 34), (87, 31), (4, 28)]",[],[],[],[]
chip2093.jpg,[],[],[],[],[]
chip2094.jpg,[],[],[],[],[]
chip2095.jpg,[],[],[],[],[]
chip2096.jpg,"[(69, 82)]",[],[],[],[]
chip2097.jpg,[],[],[],[],[]
chip2098.jpg,[],[],[],[],[]
chip2099.jpg,[],[],[],[],[]
chip21.jpg,[],[],[],[],[]
chip210.jpg,[],[],[],[],[]
chip2100.jpg,[],[],[],[],[]
chip2101.jpg,[],[],[],[],[]
chip2102.jpg,"[(6, 88)]",[],[],[],[]
chip2103.jpg,"[(73, 85), (39, 85), (25, 78), (73, 73), (73, 62), (72, 54), (48, 36), (27, 22), (56, 12)]",[],"[(47, 47), (0, 26), (38, 9)]",[],[]
chip2104.jpg,"[(57, 96), (34, 95), (85, 71), (47, 51), (94, 48), (72, 43), (91, 35), (41, 32), (75, 31), (59, 31), (47, 11)]",[],[],[],[]
chip2105.jpg,"[(54, 12)]",[],[],[],[]
chip2106.jpg,[],[],[],[],[]
chip2107.jpg,[],[],[],[],[]
chip2108.jpg,[],[],[],[],[]
chip2109.jpg,[],[],[],[],[]
chip211.jpg,[],[],[],[],[]
chip2110.jpg,"[(78, 86)]",[],[],[],[]
chip2111.jpg,[],[],[],[],[]
chip2112.jpg,[],[],[],[],[]
chip2113.jpg,[],[],[],[],[]
chip2114.jpg,"[(80, 26)]",[],[],[],[]
chip2115.jpg,[],[],[],[],[]
chip2116.jpg,"[(5, 77), (13, 62), (45, 47)]",[],[],[],[]
chip2117.jpg,"[(26, 0), (14, 0)]",[],[],[],[]
chip2118.jpg,[],[],[],[],[]
chip2119.jpg,[],[],[],[],[]
chip212.jpg,[],[],[],[],[]
chip2120.jpg,[],[],[],[],[]
chip2121.jpg,[],[],[],[],[]
chip2122.jpg,[],[],[],[],[]
chip2123.jpg,"[(70, 95)]",[],"[(95, 84)]",[],[]
chip2124.jpg,"[(36, 34), (42, 25), (66, 20), (35, 19), (82, 12), (5, 9)]",[],"[(89, 11)]",[],[]
chip2125.jpg,"[(44, 26)]",[],[],[],[]
chip2126.jpg,"[(57, 86), (46, 86), (71, 80), (22, 62), (31, 31), (45, 18)]",[],"[(36, 82), (30, 2)]",[],[]
chip2127.jpg,[],[],[],[],[]
chip2128.jpg,[],[],[],[],[]
chip2129.jpg,[],[],[],[],[]
chip213.jpg,[],[],[],[],[]
chip2130.jpg,[],[],[],[],[]
chip2131.jpg,[],[],[],[],[]
chip2132.jpg,[],[],[],[],[]
chip2133.jpg,[],[],[],[],[]
chip2134.jpg,[],[],[],[],[]
chip2135.jpg,[],[],[],[],[]
chip2136.jpg,[],[],"[(10, 53)]",[],[]
chip2137.jpg,"[(5, 19)]",[],"[(0, 13), (12, 4)]",[],[]
chip2138.jpg,[],[],[],[],[]
chip2139.jpg,[],[],[],[],[]
chip214.jpg,[],[],[],[],[]
chip2140.jpg,[],[],[],[],[]
chip2141.jpg,[],[],[],[],[]
chip2142.jpg,[],[],[],[],[]
chip2143.jpg,[],[],[],[],[]
chip2144.jpg,[],[],[],[],[]
chip2145.jpg,[],[],[],[],[]
chip2146.jpg,[],[],[],[],[]
chip2147.jpg,[],[],[],[],[]
chip2148.jpg,[],[],[],[],[]
chip2149.jpg,[],[],[],[],[]
chip215.jpg,[],[],[],[],[]
chip2150.jpg,[],[],[],[],[]
chip2151.jpg,[],[],[],[],[]
chip2152.jpg,[],[],[],[],[]
chip2153.jpg,[],[],[],[],[]
chip2154.jpg,[],[],[],[],[]
chip2155.jpg,[],[],[],[],[]
chip2156.jpg,[],[],[],[],[]
chip2157.jpg,[],[],[],[],[]
chip2158.jpg,[],[],[],[],[]
chip2159.jpg,[],[],[],[],[]
chip216.jpg,[],[],[],[],[]
chip2160.jpg,[],[],[],[],[]
chip2161.jpg,[],[],[],[],[]
chip2162.jpg,[],[],[],[],[]
chip2163.jpg,[],[],[],[],[]
chip2164.jpg,[],[],[],[],[]
chip2165.jpg,[],[],[],[],[]
chip2166.jpg,[],[],[],[],[]
chip2167.jpg,[],[],[],[],[]
chip2168.jpg,[],[],[],[],[]
chip2169.jpg,[],[],[],[],[]
chip217.jpg,[],[],[],[],[]
chip2170.jpg,[],[],[],[],[]
chip2171.jpg,[],[],[],[],[]
chip2172.jpg,[],[],[],[],[]
chip2173.jpg,[],[],[],[],[]
chip2174.jpg,[],[],[],[],[]
chip2175.jpg,[],[],[],[],[]
chip2176.jpg,[],[],[],[],[]
chip2177.jpg,[],[],[],[],[]
chip2178.jpg,[],[],[],[],[]
chip2179.jpg,[],[],[],[],[]
chip218.jpg,[],[],[],[],[]
chip2180.jpg,[],[],[],[],[]
chip2181.jpg,[],[],"[(35, 99)]",[],[]
chip2182.jpg,[],[],"[(74, 38), (66, 28)]",[],[]
chip2183.jpg,[],[],[],[],[]
chip2184.jpg,[],[],[],[],[]
chip2185.jpg,[],[],[],[],[]
chip2186.jpg,[],[],[],[],[]
chip2187.jpg,[],[],[],[],[]
chip2188.jpg,[],[],[],[],[]
chip2189.jpg,[],[],[],[],[]
chip219.jpg,[],[],[],[],[]
chip2190.jpg,[],[],[],[],[]
chip2191.jpg,[],[],[],[],[]
chip2192.jpg,[],[],[],[],[]
chip2193.jpg,[],[],[],[],[]
chip2194.jpg,"[(94, 80), (56, 13)]",[],"[(50, 6)]",[],[]
chip2195.jpg,[],[],[],[],[]
chip2196.jpg,[],[],[],[],[]
chip2197.jpg,[],[],[],[],[]
chip2198.jpg,[],[],[],[],[]
chip2199.jpg,[],[],[],[],[]
chip22.jpg,[],[],[],[],[]
chip220.jpg,[],[],[],[],[]
chip2200.jpg,[],[],[],[],[]
chip2201.jpg,[],[],[],[],[]
chip2202.jpg,[],[],[],[],[]
chip2203.jpg,[],[],[],[],[]
chip2204.jpg,[],[],[],[],[]
chip2205.jpg,[],[],[],[],[]
chip2206.jpg,[],[],[],[],[]
chip2207.jpg,"[(63, 59)]",[],"[(23, 80), (41, 76), (26, 61), (62, 50), (47, 30), (75, 22)]",[],[]
chip2208.jpg,[],[],[],[],[]
chip2209.jpg,[],[],[],[],[]
chip221.jpg,[],[],[],[],[]
chip2210.jpg,[],[],[],[],[]
chip2211.jpg,[],[],[],[],[]
chip2212.jpg,[],[],[],[],[]
chip2213.jpg,[],[],[],[],[]
chip2214.jpg,[],[],[],[],[]
chip2215.jpg,[],[],[],[],[]
chip2216.jpg,[],[],[],[],[]
chip2217.jpg,[],[],[],[],[]
chip2218.jpg,[],[],[],[],[]
chip2219.jpg,[],[],[],[],[]
chip222.jpg,[],[],[],[],[]
chip2220.jpg,[],[],"[(0, 72), (5, 64)]",[],[]
chip2221.jpg,[],[],[],[],[]
chip2222.jpg,[],[],[],[],[]
chip2223.jpg,[],[],[],[],[]
chip2224.jpg,[],[],[],[],[]
chip2225.jpg,[],[],[],[],[]
chip2226.jpg,[],[],[],[],[]
chip2227.jpg,[],[],[],[],[]
chip2228.jpg,[],[],[],[],[]
chip2229.jpg,[],[],[],[],[]
chip223.jpg,[],[],[],[],[]
chip2230.jpg,[],[],[],[],[]
chip2231.jpg,[],[],[],[],[]
chip2232.jpg,[],[],[],[],[]
chip2233.jpg,[],[],[],[],[]
chip2234.jpg,[],[],[],[],[]
chip2235.jpg,[],[],[],[],[]
chip2236.jpg,[],[],[],[],[]
chip2237.jpg,[],[],[],[],[]
chip2238.jpg,[],[],[],[],[]
chip2239.jpg,[],[],[],[],[]
chip224.jpg,[],[],[],[],[]
chip2240.jpg,[],[],[],[],[]
chip2241.jpg,[],[],[],[],[]
chip2242.jpg,[],[],[],[],[]
chip2243.jpg,[],[],[],[],[]
chip2244.jpg,[],[],[],[],[]
chip2245.jpg,[],[],[],[],[]
chip2246.jpg,[],[],[],[],[]
chip2247.jpg,[],[],[],[],[]
chip2248.jpg,[],[],[],[],[]
chip2249.jpg,[],[],[],[],[]
chip225.jpg,[],[],[],[],[]
chip2250.jpg,[],[],[],[],[]
chip2251.jpg,[],[],[],[],[]
chip2252.jpg,[],[],[],[],[]
chip2253.jpg,[],[],[],[],[]
chip2254.jpg,[],[],[],[],[]
chip2255.jpg,[],[],[],[],[]
chip2256.jpg,[],[],[],[],[]
chip2257.jpg,[],[],[],[],[]
chip2258.jpg,[],[],[],[],[]
chip2259.jpg,[],[],[],[],[]
chip226.jpg,[],[],[],[],[]
chip2260.jpg,[],[],[],[],[]
chip2261.jpg,[],[],[],[],[]
chip2262.jpg,[],[],[],[],[]
chip2263.jpg,[],[],[],[],[]
chip2264.jpg,[],[],[],[],[]
chip2265.jpg,[],[],[],[],[]
chip2266.jpg,[],[],[],[],[]
chip2267.jpg,[],[],[],[],[]
chip2268.jpg,[],[],[],[],[]
chip2269.jpg,[],[],[],[],[]
chip227.jpg,[],[],[],[],[]
chip2270.jpg,[],[],[],[],[]
chip2271.jpg,[],[],[],[],[]
chip2272.jpg,[],[],[],[],[]
chip2273.jpg,[],[],[],[],[]
chip2274.jpg,[],[],[],[],[]
chip2275.jpg,[],[],[],[],[]
chip2276.jpg,[],[],[],[],[]
chip2277.jpg,[],[],[],[],[]
chip2278.jpg,[],[],[],[],[]
chip2279.jpg,[],[],[],[],[]
chip228.jpg,[],[],[],[],[]
chip2280.jpg,[],[],[],[],[]
chip2281.jpg,[],[],[],[],[]
chip2282.jpg,[],[],[],[],[]
chip2283.jpg,[],[],[],[],[]
chip2284.jpg,[],[],[],[],[]
chip2285.jpg,[],[],[],[],[]
chip2286.jpg,[],[],[],[],[]
chip2287.jpg,[],[],[],[],[]
chip2288.jpg,[],[],[],[],[]
chip2289.jpg,[],[],[],[],[]
chip229.jpg,[],[],[],[],[]
chip2290.jpg,[],[],[],[],[]
chip2291.jpg,[],[],[],[],[]
chip2292.jpg,[],[],[],[],[]
chip2293.jpg,[],[],[],[],[]
chip2294.jpg,[],[],[],[],[]
chip2295.jpg,[],[],[],[],[]
chip2296.jpg,[],[],[],[],[]
chip2297.jpg,[],[],[],[],[]
chip2298.jpg,[],[],[],[],[]
chip2299.jpg,[],[],[],[],[]
chip23.jpg,[],[],[],[],[]
chip230.jpg,[],[],[],[],[]
chip2300.jpg,[],[],[],[],[]
chip2301.jpg,[],[],[],[],[]
chip2302.jpg,[],[],[],[],[]
chip2303.jpg,[],[],[],[],[]
chip2304.jpg,[],[],[],[],[]
chip2305.jpg,[],[],[],[],[]
chip2306.jpg,[],[],[],[],[]
chip2307.jpg,[],[],[],[],[]
chip2308.jpg,[],[],[],[],[]
chip2309.jpg,[],[],[],[],[]
chip231.jpg,[],[],[],[],[]
chip2310.jpg,[],[],[],[],[]
chip2311.jpg,[],[],[],[],[]
chip2312.jpg,[],[],[],[],[]
chip2313.jpg,[],[],[],[],[]
chip2314.jpg,[],[],[],[],[]
chip2315.jpg,[],[],[],[],[]
chip2316.jpg,[],[],[],[],[]
chip2317.jpg,[],[],[],[],[]
chip2318.jpg,[],[],[],[],[]
chip2319.jpg,[],[],[],[],[]
chip232.jpg,[],[],[],[],[]
chip2320.jpg,[],[],[],[],[]
chip2321.jpg,[],[],[],[],[]
chip2322.jpg,[],[],[],[],[]
chip2323.jpg,[],[],[],[],[]
chip2324.jpg,[],[],[],[],[]
chip2325.jpg,[],[],[],[],[]
chip2326.jpg,[],[],[],[],[]
chip2327.jpg,[],[],[],[],[]
chip2328.jpg,[],[],[],[],[]
chip2329.jpg,[],[],[],[],[]
chip233.jpg,[],[],[],[],[]
chip2330.jpg,[],[],[],[],[]
chip2331.jpg,[],[],[],[],[]
chip2332.jpg,[],[],[],[],[]
chip2333.jpg,[],[],[],[],[]
chip2334.jpg,[],[],[],[],[]
chip2335.jpg,[],[],[],[],[]
chip2336.jpg,[],[],[],[],[]
chip2337.jpg,[],[],[],[],[]
chip2338.jpg,[],[],[],[],[]
chip2339.jpg,[],[],[],[],[]
chip234.jpg,[],[],[],[],[]
chip2340.jpg,[],[],[],[],[]
chip2341.jpg,[],[],[],[],[]
chip2342.jpg,[],[],[],[],[]
chip2343.jpg,[],[],[],[],[]
chip2344.jpg,[],[],[],[],[]
chip2345.jpg,[],[],[],[],[]
chip2346.jpg,[],[],[],[],[]
chip2347.jpg,[],[],[],[],[]
chip2348.jpg,[],[],[],[],[]
chip2349.jpg,[],[],[],[],[]
chip235.jpg,[],[],[],[],[]
chip2350.jpg,[],[],[],[],[]
chip2351.jpg,[],[],[],[],[]
chip2352.jpg,[],[],[],[],[]
chip2353.jpg,[],[],[],[],[]
chip2354.jpg,[],[],[],[],[]
chip2355.jpg,[],[],[],[],[]
chip2356.jpg,[],[],[],[],[]
chip2357.jpg,[],[],[],[],[]
chip2358.jpg,[],[],[],[],[]
chip2359.jpg,[],[],[],[],[]
chip236.jpg,[],[],[],[],[]
chip2360.jpg,[],[],[],[],[]
chip2361.jpg,[],[],[],[],[]
chip2362.jpg,[],[],[],[],[]
chip2363.jpg,[],[],[],[],[]
chip2364.jpg,[],[],[],[],[]
chip2365.jpg,[],[],[],[],[]
chip2366.jpg,[],[],[],[],[]
chip2367.jpg,[],[],[],[],[]
chip2368.jpg,[],[],[],[],[]
chip2369.jpg,[],[],[],[],[]
chip237.jpg,[],[],[],[],[]
chip2370.jpg,[],[],[],[],[]
chip2371.jpg,[],[],[],[],[]
chip2372.jpg,[],[],[],[],[]
chip2373.jpg,[],[],[],[],[]
chip2374.jpg,[],[],[],[],[]
chip2375.jpg,[],[],[],[],[]
chip2376.jpg,[],[],[],[],[]
chip2377.jpg,[],[],[],[],[]
chip2378.jpg,[],[],[],[],[]
chip2379.jpg,[],[],[],[],[]
chip238.jpg,[],[],[],[],[]
chip2380.jpg,[],[],[],[],[]
chip2381.jpg,[],[],[],[],[]
chip2382.jpg,[],[],[],[],[]
chip2383.jpg,[],[],[],[],[]
chip2384.jpg,[],[],[],[],[]
chip2385.jpg,[],[],[],[],[]
chip2386.jpg,[],[],[],[],[]
chip2387.jpg,[],[],[],[],[]
chip2388.jpg,[],[],[],[],[]
chip2389.jpg,[],[],[],[],[]
chip239.jpg,[],[],[],[],[]
chip2390.jpg,[],[],[],[],[]
chip2391.jpg,[],[],[],[],[]
chip2392.jpg,[],[],[],[],[]
chip2393.jpg,[],[],[],[],[]
chip2394.jpg,[],[],[],[],[]
chip2395.jpg,[],[],[],[],[]
chip2396.jpg,[],[],[],[],[]
chip2397.jpg,[],[],[],[],[]
chip2398.jpg,[],[],[],[],[]
chip2399.jpg,[],[],[],[],[]
chip24.jpg,[],[],[],[],[]
chip240.jpg,[],[],[],[],[]
chip2400.jpg,[],[],[],[],[]
chip2401.jpg,[],[],[],[],[]
chip2402.jpg,[],[],[],[],[]
chip2403.jpg,[],[],[],[],[]
chip2404.jpg,[],[],[],[],[]
chip2405.jpg,[],[],[],[],[]
chip2406.jpg,[],[],[],[],[]
chip2407.jpg,[],[],[],[],[]
chip2408.jpg,[],[],[],[],[]
chip2409.jpg,[],[],[],[],[]
chip241.jpg,[],[],[],[],[]
chip2410.jpg,[],[],[],[],[]
chip2411.jpg,[],[],[],[],[]
chip2412.jpg,[],[],[],[],[]
chip2413.jpg,[],[],[],[],[]
chip2414.jpg,[],[],[],[],[]
chip2415.jpg,[],[],[],[],[]
chip2416.jpg,[],[],[],[],[]
chip2417.jpg,[],[],[],[],[]
chip2418.jpg,[],[],[],[],[]
chip2419.jpg,[],[],[],[],[]
chip242.jpg,[],[],[],[],[]
chip2420.jpg,[],[],[],[],[]
chip2421.jpg,[],[],[],[],[]
chip2422.jpg,[],[],[],[],[]
chip2423.jpg,[],[],[],[],[]
chip2424.jpg,[],[],[],[],[]
chip2425.jpg,[],[],[],[],[]
chip2426.jpg,[],[],[],[],[]
chip2427.jpg,[],[],[],[],[]
chip2428.jpg,[],[],[],[],[]
chip2429.jpg,[],[],[],[],[]
chip243.jpg,[],[],[],[],[]
chip2430.jpg,[],[],[],[],[]
chip2431.jpg,[],[],[],[],[]
chip2432.jpg,[],[],[],[],[]
chip2433.jpg,[],[],[],[],[]
chip2434.jpg,[],[],[],[],[]
chip2435.jpg,[],[],[],[],[]
chip2436.jpg,[],[],[],[],[]
chip2437.jpg,[],[],[],[],[]
chip2438.jpg,[],[],[],[],[]
chip2439.jpg,[],[],[],[],[]
chip244.jpg,[],[],[],[],[]
chip2440.jpg,[],[],[],[],[]
chip2441.jpg,[],[],[],[],[]
chip2442.jpg,[],[],[],[],[]
chip2443.jpg,[],[],[],[],[]
chip2444.jpg,[],[],[],[],[]
chip2445.jpg,[],[],[],[],[]
chip2446.jpg,[],[],[],[],[]
chip2447.jpg,[],[],[],[],[]
chip2448.jpg,[],[],[],[],[]
chip2449.jpg,[],[],[],[],[]
chip245.jpg,[],[],[],[],[]
chip2450.jpg,[],[],[],[],[]
chip2451.jpg,[],[],[],[],[]
chip2452.jpg,[],[],[],[],[]
chip2453.jpg,[],[],[],[],[]
chip2454.jpg,[],[],[],[],[]
chip2455.jpg,[],[],[],[],[]
chip2456.jpg,[],[],[],[],[]
chip2457.jpg,[],[],[],[],[]
chip2458.jpg,[],[],[],[],[]
chip2459.jpg,[],[],[],[],[]
chip246.jpg,[],[],[],[],[]
chip2460.jpg,[],[],[],[],[]
chip2461.jpg,[],[],[],[],[]
chip2462.jpg,[],[],[],[],[]
chip2463.jpg,[],[],[],[],[]
chip2464.jpg,[],[],[],[],[]
chip2465.jpg,[],[],[],[],[]
chip2466.jpg,[],[],[],[],[]
chip2467.jpg,[],[],[],[],[]
chip2468.jpg,[],[],[],[],[]
chip2469.jpg,[],[],[],[],[]
chip247.jpg,[],[],[],[],[]
chip2470.jpg,[],[],[],[],[]
chip2471.jpg,[],[],[],[],[]
chip2472.jpg,[],[],[],[],[]
chip2473.jpg,[],[],[],[],[]
chip2474.jpg,[],[],[],[],[]
chip2475.jpg,[],[],[],[],[]
chip2476.jpg,[],[],[],[],[]
chip2477.jpg,[],[],[],[],[]
chip2478.jpg,[],[],[],[],[]
chip2479.jpg,[],[],[],[],[]
chip248.jpg,[],[],[],[],[]
chip2480.jpg,[],[],[],[],[]
chip2481.jpg,[],[],[],[],[]
chip2482.jpg,[],[],[],[],[]
chip2483.jpg,[],[],[],[],[]
chip2484.jpg,[],[],[],[],[]
chip2485.jpg,[],[],[],[],[]
chip2486.jpg,[],[],[],[],[]
chip2487.jpg,[],[],[],[],[]
chip2488.jpg,[],[],[],[],[]
chip2489.jpg,[],[],[],[],[]
chip249.jpg,[],[],[],[],[]
chip2490.jpg,[],[],[],[],[]
chip2491.jpg,[],[],[],[],[]
chip2492.jpg,[],[],[],[],[]
chip2493.jpg,[],[],[],[],[]
chip2494.jpg,[],[],[],[],[]
chip2495.jpg,[],[],[],[],[]
chip2496.jpg,[],[],[],[],[]
chip2497.jpg,[],[],[],[],[]
chip2498.jpg,[],[],[],[],[]
chip2499.jpg,[],[],[],[],[]
chip25.jpg,[],[],[],[],[]
chip250.jpg,[],[],[],[],[]
chip2500.jpg,[],[],[],[],[]
chip2501.jpg,[],[],[],[],[]
chip2502.jpg,[],[],[],[],[]
chip2503.jpg,[],[],[],[],[]
chip2504.jpg,[],[],[],[],[]
chip2505.jpg,[],[],[],[],[]
chip2506.jpg,[],[],[],[],[]
chip2507.jpg,[],[],[],[],[]
chip2508.jpg,[],[],[],[],[]
chip2509.jpg,[],[],[],[],[]
chip251.jpg,[],[],[],[],[]
chip2510.jpg,[],[],[],[],[]
chip2511.jpg,[],[],[],[],[]
chip2512.jpg,[],[],[],[],[]
chip2513.jpg,[],[],[],[],[]
chip2514.jpg,[],[],[],[],[]
chip2515.jpg,[],[],[],[],[]
chip2516.jpg,[],[],[],[],[]
chip2517.jpg,[],[],[],[],[]
chip2518.jpg,[],[],[],[],[]
chip2519.jpg,[],[],[],[],[]
chip252.jpg,[],[],[],[],[]
chip2520.jpg,[],[],[],[],[]
chip2521.jpg,[],[],[],[],[]
chip2522.jpg,[],[],[],[],[]
chip2523.jpg,[],[],[],[],[]
chip2524.jpg,[],[],[],[],[]
chip2525.jpg,[],[],[],[],[]
chip2526.jpg,[],[],[],[],[]
chip2527.jpg,[],[],[],[],[]
chip2528.jpg,[],[],[],[],[]
chip2529.jpg,[],[],[],[],[]
chip253.jpg,[],[],[],[],[]
chip2530.jpg,[],[],[],[],[]
chip2531.jpg,[],[],[],[],[]
chip2532.jpg,[],[],[],[],[]
chip2533.jpg,[],[],[],[],[]
chip2534.jpg,[],[],[],[],[]
chip2535.jpg,[],[],[],[],[]
chip2536.jpg,[],[],[],[],[]
chip2537.jpg,[],[],[],[],[]
chip2538.jpg,[],[],[],[],[]
chip2539.jpg,[],[],[],[],[]
chip254.jpg,[],[],[],[],[]
chip2540.jpg,[],[],[],[],[]
chip2541.jpg,[],[],[],[],[]
chip2542.jpg,[],[],[],[],[]
chip2543.jpg,[],[],[],[],[]
chip2544.jpg,[],[],[],[],[]
chip2545.jpg,[],[],[],[],[]
chip2546.jpg,[],[],[],[],[]
chip2547.jpg,[],[],[],[],[]
chip2548.jpg,[],[],[],[],[]
chip2549.jpg,[],[],[],[],[]
chip255.jpg,[],[],[],[],[]
chip2550.jpg,[],[],[],[],[]
chip2551.jpg,[],[],[],[],[]
chip2552.jpg,[],[],[],[],[]
chip2553.jpg,[],[],[],[],[]
chip2554.jpg,[],[],[],[],[]
chip2555.jpg,[],[],[],[],[]
chip2556.jpg,[],[],[],[],[]
chip2557.jpg,[],[],[],[],[]
chip2558.jpg,[],[],[],[],[]
chip2559.jpg,[],[],[],[],[]
chip256.jpg,[],[],[],[],[]
chip2560.jpg,[],[],[],[],[]
chip2561.jpg,[],[],[],[],[]
chip2562.jpg,[],[],[],[],[]
chip2563.jpg,[],[],[],[],[]
chip2564.jpg,[],[],[],[],[]
chip2565.jpg,[],[],[],[],[]
chip2566.jpg,[],[],[],[],[]
chip2567.jpg,[],[],[],[],[]
chip2568.jpg,[],[],[],[],[]
chip2569.jpg,[],[],[],[],[]
chip257.jpg,[],[],[],[],[]
chip2570.jpg,[],[],[],[],[]
chip2571.jpg,[],[],[],[],[]
chip2572.jpg,[],[],[],[],[]
chip2573.jpg,[],[],[],[],[]
chip2574.jpg,[],[],[],[],[]
chip2575.jpg,[],[],[],[],[]
chip2576.jpg,[],[],[],[],[]
chip2577.jpg,[],[],[],[],[]
chip2578.jpg,[],[],[],[],[]
chip2579.jpg,[],[],[],[],[]
chip258.jpg,[],[],[],[],[]
chip2580.jpg,[],[],[],[],[]
chip2581.jpg,[],[],[],[],[]
chip2582.jpg,[],[],[],[],[]
chip2583.jpg,[],[],[],[],[]
chip2584.jpg,[],[],[],[],[]
chip2585.jpg,[],[],[],[],[]
chip2586.jpg,[],[],[],[],[]
chip2587.jpg,[],[],[],[],[]
chip2588.jpg,[],[],[],[],[]
chip2589.jpg,[],[],[],[],[]
chip259.jpg,[],[],[],[],[]
chip2590.jpg,[],[],[],[],[]
chip2591.jpg,[],[],[],[],[]
chip2592.jpg,[],[],[],[],[]
chip2593.jpg,[],[],[],[],[]
chip2594.jpg,[],[],[],[],[]
chip2595.jpg,[],[],[],[],[]
chip2596.jpg,[],[],[],[],[]
chip2597.jpg,[],[],[],[],[]
chip2598.jpg,[],[],[],[],[]
chip2599.jpg,[],[],[],[],[]
chip26.jpg,[],[],[],[],[]
chip260.jpg,[],[],[],[],[]
chip2600.jpg,[],[],[],[],[]
chip2601.jpg,[],[],[],[],[]
chip2602.jpg,[],[],[],[],[]
chip2603.jpg,[],[],[],[],[]
chip2604.jpg,[],[],[],[],[]
chip2605.jpg,[],[],[],[],[]
chip2606.jpg,[],[],[],[],[]
chip2607.jpg,[],[],[],[],[]
chip2608.jpg,[],[],[],[],[]
chip2609.jpg,[],[],[],[],[]
chip261.jpg,[],[],[],[],[]
chip2610.jpg,[],[],[],[],[]
chip2611.jpg,[],[],[],[],[]
chip2612.jpg,[],[],[],[],[]
chip2613.jpg,[],[],[],[],[]
chip2614.jpg,[],[],[],[],[]
chip2615.jpg,[],[],[],[],[]
chip2616.jpg,[],[],[],[],[]
chip2617.jpg,[],[],[],[],[]
chip2618.jpg,[],[],[],[],[]
chip2619.jpg,[],[],[],[],[]
chip262.jpg,[],[],[],[],[]
chip2620.jpg,[],[],[],[],[]
chip2621.jpg,[],[],[],[],[]
chip2622.jpg,[],[],[],[],[]
chip2623.jpg,[],[],[],[],[]
chip2624.jpg,[],[],[],[],[]
chip2625.jpg,[],[],[],[],[]
chip2626.jpg,[],[],[],[],[]
chip2627.jpg,[],[],[],[],[]
chip2628.jpg,[],[],[],[],[]
chip2629.jpg,[],[],[],[],[]
chip263.jpg,[],[],[],[],[]
chip2630.jpg,[],[],[],[],[]
chip2631.jpg,[],[],[],[],[]
chip2632.jpg,[],[],[],[],[]
chip2633.jpg,[],[],[],[],[]
chip2634.jpg,[],[],[],[],[]
chip2635.jpg,[],[],[],[],[]
chip2636.jpg,[],[],[],[],[]
chip2637.jpg,[],[],[],[],[]
chip2638.jpg,[],[],[],[],[]
chip2639.jpg,[],[],[],[],[]
chip264.jpg,[],[],[],[],[]
chip2640.jpg,[],[],[],[],[]
chip2641.jpg,[],[],[],[],[]
chip2642.jpg,[],[],[],[],[]
chip2643.jpg,[],[],[],[],[]
chip2644.jpg,[],[],[],[],[]
chip2645.jpg,[],[],[],[],[]
chip2646.jpg,[],[],[],[],[]
chip2647.jpg,[],[],[],[],[]
chip2648.jpg,[],[],[],[],[]
chip2649.jpg,[],[],[],[],[]
chip265.jpg,[],[],[],[],[]
chip2650.jpg,[],[],[],[],[]
chip2651.jpg,[],[],[],[],[]
chip2652.jpg,[],[],[],[],[]
chip2653.jpg,[],[],[],[],[]
chip266.jpg,[],[],[],[],[]
chip267.jpg,[],[],[],[],[]
chip268.jpg,[],[],[],[],[]
chip269.jpg,[],[],[],[],[]
chip27.jpg,[],[],[],[],[]
chip270.jpg,[],[],[],[],[]
chip271.jpg,[],[],[],[],[]
chip272.jpg,[],[],[],[],[]
chip273.jpg,[],[],[],[],[]
chip274.jpg,[],[],[],[],[]
chip275.jpg,[],[],[],[],[]
chip276.jpg,[],[],[],[],[]
chip277.jpg,[],[],[],[],[]
chip278.jpg,[],[],[],[],[]
chip279.jpg,[],[],[],[],[]
chip28.jpg,[],[],[],[],[]
chip280.jpg,[],[],[],[],[]
chip281.jpg,[],[],[],[],[]
chip282.jpg,[],[],[],[],[]
chip283.jpg,[],[],[],[],[]
chip284.jpg,[],[],[],[],[]
chip285.jpg,[],[],[],[],[]
chip286.jpg,[],[],[],[],[]
chip287.jpg,[],[],[],[],[]
chip288.jpg,[],[],[],[],[]
chip289.jpg,[],[],[],[],[]
chip29.jpg,[],[],[],[],[]
chip290.jpg,[],[],[],[],[]
chip291.jpg,[],[],[],[],[]
chip292.jpg,[],[],[],[],[]
chip293.jpg,[],[],[],[],[]
chip294.jpg,[],[],[],[],[]
chip295.jpg,[],[],[],[],[]
chip296.jpg,[],[],[],[],[]
chip297.jpg,[],[],[],[],[]
chip298.jpg,[],[],[],[],[]
chip299.jpg,[],[],[],[],[]
chip3.jpg,[],[],[],[],[]
chip30.jpg,[],[],[],[],[]
chip300.jpg,[],[],[],[],[]
chip301.jpg,[],[],[],[],[]
chip302.jpg,[],[],[],[],[]
chip303.jpg,[],[],[],[],[]
chip304.jpg,[],[],[],[],[]
chip305.jpg,[],[],[],[],[]
chip306.jpg,[],[],[],[],[]
chip307.jpg,[],[],[],[],[]
chip308.jpg,[],[],[],[],[]
chip309.jpg,[],[],[],[],[]
chip31.jpg,[],[],[],[],[]
chip310.jpg,[],[],[],[],[]
chip311.jpg,[],[],[],[],[]
chip312.jpg,[],[],[],[],[]
chip313.jpg,[],[],[],[],[]
chip314.jpg,[],[],[],[],[]
chip315.jpg,[],[],[],[],[]
chip316.jpg,[],[],[],[],[]
chip317.jpg,[],[],[],[],[]
chip318.jpg,[],[],[],[],[]
chip319.jpg,[],[],[],[],[]
chip32.jpg,[],[],[],[],[]
chip320.jpg,[],[],[],[],[]
chip321.jpg,[],[],[],[],[]
chip322.jpg,[],[],[],[],[]
chip323.jpg,[],[],[],[],[]
chip324.jpg,[],[],[],[],[]
chip325.jpg,[],[],[],[],[]
chip326.jpg,[],[],[],[],[]
chip327.jpg,[],[],[],[],[]
chip328.jpg,[],[],[],[],[]
chip329.jpg,[],[],[],[],[]
chip33.jpg,[],[],[],[],[]
chip330.jpg,[],[],[],[],[]
chip331.jpg,[],[],[],[],[]
chip332.jpg,[],[],[],[],[]
chip333.jpg,[],[],[],[],[]
chip334.jpg,[],[],[],[],[]
chip335.jpg,[],[],[],[],[]
chip336.jpg,[],[],[],[],[]
chip337.jpg,[],[],[],[],[]
chip338.jpg,[],[],[],[],[]
chip339.jpg,[],[],[],[],[]
chip34.jpg,[],[],[],[],[]
chip340.jpg,[],[],[],[],[]
chip341.jpg,[],[],[],[],[]
chip342.jpg,[],[],[],[],[]
chip343.jpg,[],[],[],[],[]
chip344.jpg,[],[],[],[],[]
chip345.jpg,[],[],[],[],[]
chip346.jpg,[],[],[],[],[]
chip347.jpg,[],[],[],[],[]
chip348.jpg,[],[],[],[],[]
chip349.jpg,[],[],[],[],[]
chip35.jpg,[],[],[],[],[]
chip350.jpg,[],[],[],[],[]
chip351.jpg,[],[],[],[],[]
chip352.jpg,[],[],[],[],[]
chip353.jpg,[],[],[],[],[]
chip354.jpg,[],[],[],[],[]
chip355.jpg,[],[],[],[],[]
chip356.jpg,[],[],[],[],[]
chip357.jpg,[],[],[],[],[]
chip358.jpg,[],[],[],[],[]
chip359.jpg,[],[],[],[],[]
chip36.jpg,[],[],[],[],[]
chip360.jpg,[],[],[],[],[]
chip361.jpg,[],[],[],[],[]
chip362.jpg,[],[],[],[],[]
chip363.jpg,[],[],[],[],[]
chip364.jpg,[],[],[],[],[]
chip365.jpg,[],[],[],[],[]
chip366.jpg,[],[],[],[],[]
chip367.jpg,[],[],[],[],[]
chip368.jpg,[],[],[],[],[]
chip369.jpg,[],[],[],[],[]
chip37.jpg,[],[],[],[],[]
chip370.jpg,[],[],[],[],[]
chip371.jpg,[],[],[],[],[]
chip372.jpg,[],[],[],[],[]
chip373.jpg,[],[],[],[],[]
chip374.jpg,[],[],[],[],[]
chip375.jpg,[],[],[],[],[]
chip376.jpg,[],[],[],[],[]
chip377.jpg,[],[],[],[],[]
chip378.jpg,[],[],[],[],[]
chip379.jpg,[],[],[],[],[]
chip38.jpg,[],[],[],[],[]
chip380.jpg,[],[],[],[],[]
chip381.jpg,[],[],[],[],[]
chip382.jpg,[],[],[],[],[]
chip383.jpg,[],[],[],[],[]
chip384.jpg,[],[],[],[],[]
chip385.jpg,[],[],[],[],[]
chip386.jpg,[],[],[],[],[]
chip387.jpg,[],[],[],[],[]
chip388.jpg,[],[],[],[],[]
chip389.jpg,[],[],[],[],[]
chip39.jpg,[],[],[],[],[]
chip390.jpg,[],[],[],[],[]
chip391.jpg,[],[],[],[],[]
chip392.jpg,[],[],[],[],[]
chip393.jpg,[],[],[],[],[]
chip394.jpg,[],[],[],[],[]
chip395.jpg,[],[],[],[],[]
chip396.jpg,[],[],[],[],[]
chip397.jpg,[],[],[],[],[]
chip398.jpg,[],[],[],[],[]
chip399.jpg,[],[],[],[],[]
chip4.jpg,[],[],[],[],[]
chip40.jpg,[],[],[],[],[]
chip400.jpg,[],[],[],[],[]
chip401.jpg,[],[],[],[],[]
chip402.jpg,[],[],[],[],[]
chip403.jpg,[],[],[],[],[]
chip404.jpg,[],[],[],[],[]
chip405.jpg,[],[],[],[],[]
chip406.jpg,[],[],[],[],[]
chip407.jpg,[],[],[],[],[]
chip408.jpg,[],[],[],[],[]
chip409.jpg,[],[],[],[],[]
chip41.jpg,[],[],[],[],[]
chip410.jpg,[],[],[],[],[]
chip411.jpg,[],[],[],[],[]
chip412.jpg,[],[],[],[],[]
chip413.jpg,[],[],[],[],[]
chip414.jpg,[],[],[],[],[]
chip415.jpg,[],[],[],[],[]
chip416.jpg,[],[],[],[],[]
chip417.jpg,[],[],[],[],[]
chip418.jpg,[],[],[],[],[]
chip419.jpg,[],[],[],[],[]
chip42.jpg,[],[],[],[],[]
chip420.jpg,[],[],[],[],[]
chip421.jpg,[],[],[],[],[]
chip422.jpg,[],[],[],[],[]
chip423.jpg,[],[],[],[],[]
chip424.jpg,[],[],[],[],[]
chip425.jpg,[],[],[],[],[]
chip426.jpg,[],[],[],[],[]
chip427.jpg,[],[],[],[],[]
chip428.jpg,[],[],[],[],[]
chip429.jpg,[],[],[],[],[]
chip43.jpg,[],[],[],[],[]
chip430.jpg,[],[],[],[],[]
chip431.jpg,[],[],[],[],[]
chip432.jpg,[],[],[],[],[]
chip433.jpg,[],[],[],[],[]
chip434.jpg,[],[],[],[],[]
chip435.jpg,[],[],[],[],[]
chip436.jpg,[],[],[],[],[]
chip437.jpg,[],[],[],[],[]
chip438.jpg,[],[],[],[],[]
chip439.jpg,[],[],[],[],[]
chip44.jpg,[],[],[],[],[]
chip440.jpg,[],[],[],[],[]
chip441.jpg,[],[],[],[],[]
chip442.jpg,[],[],[],[],[]
chip443.jpg,[],[],[],[],[]
chip444.jpg,[],[],[],[],[]
chip445.jpg,[],[],[],[],[]
chip446.jpg,[],[],[],[],[]
chip447.jpg,[],[],[],[],[]
chip448.jpg,[],[],[],[],[]
chip449.jpg,"[(32, 74), (12, 52)]",[],[],[],[]
chip45.jpg,[],[],[],[],[]
chip450.jpg,[],[],[],[],[]
chip451.jpg,[],[],[],[],[]
chip452.jpg,[],[],[],[],[]
chip453.jpg,[],[],[],[],[]
chip454.jpg,[],[],[],[],[]
chip455.jpg,[],[],[],[],[]
chip456.jpg,[],[],[],[],[]
chip457.jpg,[],[],[],[],[]
chip458.jpg,[],[],[],[],[]
chip459.jpg,[],[],[],[],[]
chip46.jpg,[],[],[],[],[]
chip460.jpg,[],[],[],[],[]
chip461.jpg,[],[],[],[],[]
chip462.jpg,"[(78, 57), (54, 51), (87, 49)]",[],[],[],[]
chip463.jpg,[],[],[],[],[]
chip464.jpg,[],[],[],[],[]
chip465.jpg,[],[],[],[],[]
chip466.jpg,[],[],[],[],[]
chip467.jpg,[],[],[],[],[]
chip468.jpg,[],[],[],[],[]
chip469.jpg,[],[],[],[],[]
chip47.jpg,[],[],[],[],[]
chip470.jpg,[],[],[],[],[]
chip471.jpg,[],[],[],[],[]
chip472.jpg,[],[],[],[],[]
chip473.jpg,[],[],[],[],[]
chip474.jpg,[],[],[],[],[]
chip475.jpg,"[(27, 63), (53, 53), (82, 49), (67, 36)]",[],[],[],[]
chip476.jpg,[],[],[],[],[]
chip477.jpg,[],[],[],[],[]
chip478.jpg,[],[],[],[],[]
chip479.jpg,[],[],[],[],[]
chip48.jpg,[],[],[],[],[]
chip480.jpg,[],[],[],[],[]
chip481.jpg,[],[],[],[],[]
chip482.jpg,[],[],[],[],[]
chip483.jpg,[],[],[],[],[]
chip484.jpg,[],[],[],[],[]
chip485.jpg,[],[],[],[],[]
chip486.jpg,[],[],[],[],[]
chip487.jpg,[],[],[],[],[]
chip488.jpg,"[(40, 21)]",[],[],[],[]
chip489.jpg,[],[],[],[],[]
chip49.jpg,[],[],[],[],[]
chip490.jpg,[],[],[],[],[]
chip491.jpg,[],[],[],[],[]
chip492.jpg,[],[],[],[],[]
chip493.jpg,[],[],[],[],[]
chip494.jpg,[],[],[],[],[]
chip495.jpg,[],[],[],[],[]
chip496.jpg,[],[],[],[],[]
chip497.jpg,[],[],[],[],[]
chip498.jpg,[],[],[],[],[]
chip499.jpg,[],[],[],[],[]
chip5.jpg,[],[],[],[],[]
chip50.jpg,[],[],[],[],[]
chip500.jpg,[],[],[],[],[]
chip501.jpg,[],[],[],[],[]
chip502.jpg,[],[],[],[],[]
chip503.jpg,[],[],[],[],[]
chip504.jpg,[],[],[],[],[]
chip505.jpg,[],[],[],[],[]
chip506.jpg,[],[],[],[],[]
chip507.jpg,[],[],[],[],[]
chip508.jpg,[],[],[],[],[]
chip509.jpg,[],[],[],[],[]
chip51.jpg,[],[],[],[],[]
chip510.jpg,[],[],[],[],[]
chip511.jpg,[],[],[],[],[]
chip512.jpg,[],[],[],[],[]
chip513.jpg,[],[],[],[],[]
chip514.jpg,[],[],[],[],[]
chip515.jpg,[],[],[],[],[]
chip516.jpg,[],[],[],[],[]
chip517.jpg,[],[],[],[],[]
chip518.jpg,[],[],[],[],[]
chip519.jpg,[],[],[],[],[]
chip52.jpg,[],[],[],[],[]
chip520.jpg,[],[],[],[],[]
chip521.jpg,[],[],[],[],[]
chip522.jpg,[],[],[],[],[]
chip523.jpg,[],[],[],[],[]
chip524.jpg,[],[],[],[],[]
chip525.jpg,[],[],[],[],[]
chip526.jpg,[],[],[],[],[]
chip527.jpg,[],[],[],[],[]
chip528.jpg,[],[],[],[],[]
chip529.jpg,[],[],[],[],[]
chip53.jpg,[],[],[],[],[]
chip530.jpg,[],[],[],[],[]
chip531.jpg,[],[],[],[],[]
chip532.jpg,[],[],[],[],[]
chip533.jpg,[],[],[],[],[]
chip534.jpg,[],[],[],[],[]
chip535.jpg,[],[],[],[],[]
chip536.jpg,[],[],[],[],[]
chip537.jpg,[],[],[],[],[]
chip538.jpg,[],[],[],[],[]
chip539.jpg,[],[],[],[],[]
chip54.jpg,[],[],[],[],[]
chip540.jpg,[],[],[],[],[]
chip541.jpg,[],[],[],[],[]
chip542.jpg,[],[],[],[],[]
chip543.jpg,[],[],[],[],[]
chip544.jpg,[],[],[],[],[]
chip545.jpg,[],[],[],[],[]
chip546.jpg,[],[],[],[],[]
chip547.jpg,[],[],[],[],[]
chip548.jpg,[],[],[],[],[]
chip549.jpg,[],[],[],[],[]
chip55.jpg,[],[],[],[],[]
chip550.jpg,[],[],[],[],[]
chip551.jpg,[],[],[],[],[]
chip552.jpg,[],[],[],[],[]
chip553.jpg,[],[],[],[],[]
chip554.jpg,[],[],[],[],[]
chip555.jpg,[],[],[],[],[]
chip556.jpg,[],[],[],[],[]
chip557.jpg,[],[],[],[],[]
chip558.jpg,[],[],[],[],[]
chip559.jpg,[],[],[],[],[]
chip56.jpg,[],[],[],[],[]
chip560.jpg,[],[],[],[],[]
chip561.jpg,[],[],[],[],[]
chip562.jpg,[],[],[],[],[]
chip563.jpg,[],[],[],[],[]
chip564.jpg,[],[],[],[],[]
chip565.jpg,[],[],[],[],[]
chip566.jpg,[],[],[],[],[]
chip567.jpg,[],[],[],[],[]
chip568.jpg,[],[],[],[],[]
chip569.jpg,[],[],[],[],[]
chip57.jpg,[],[],[],[],[]
chip570.jpg,[],[],[],[],[]
chip571.jpg,[],[],[],[],[]
chip572.jpg,[],[],[],[],[]
chip573.jpg,[],[],[],[],[]
chip574.jpg,[],[],[],[],[]
chip575.jpg,[],[],[],[],[]
chip576.jpg,[],[],[],[],[]
chip577.jpg,[],[],[],[],[]
chip578.jpg,[],[],[],[],[]
chip579.jpg,[],[],[],[],[]
chip58.jpg,[],[],[],[],[]
chip580.jpg,[],[],[],[],[]
chip581.jpg,[],[],[],[],[]
chip582.jpg,[],[],[],[],[]
chip583.jpg,[],[],[],[],[]
chip584.jpg,[],[],[],[],[]
chip585.jpg,[],[],[],[],[]
chip586.jpg,[],[],[],[],[]
chip587.jpg,[],[],[],[],[]
chip588.jpg,[],[],[],[],[]
chip589.jpg,[],[],[],[],[]
chip59.jpg,[],[],[],[],[]
chip590.jpg,[],[],[],[],[]
chip591.jpg,[],[],[],[],[]
chip592.jpg,[],[],[],[],[]
chip593.jpg,[],[],[],[],[]
chip594.jpg,[],[],[],[],[]
chip595.jpg,[],[],[],[],[]
chip596.jpg,[],[],[],[],[]
chip597.jpg,[],[],[],[],[]
chip598.jpg,[],[],[],[],[]
chip599.jpg,[],[],[],[],[]
chip6.jpg,[],[],[],[],[]
chip60.jpg,[],[],[],[],[]
chip600.jpg,[],[],[],[],[]
chip601.jpg,[],[],[],[],[]
chip602.jpg,[],[],[],[],[]
chip603.jpg,[],[],[],[],[]
chip604.jpg,[],[],[],[],[]
chip605.jpg,[],[],[],[],[]
chip606.jpg,[],[],[],[],[]
chip607.jpg,[],[],[],[],[]
chip608.jpg,[],[],[],[],[]
chip609.jpg,[],[],[],[],[]
chip61.jpg,[],[],[],[],[]
chip610.jpg,[],[],[],[],[]
chip611.jpg,[],[],[],[],[]
chip612.jpg,[],[],[],[],[]
chip613.jpg,[],[],[],[],[]
chip614.jpg,[],[],[],[],[]
chip615.jpg,[],[],[],[],[]
chip616.jpg,[],[],[],[],[]
chip617.jpg,"[(66, 99), (77, 89), (65, 82), (87, 66), (75, 61), (99, 59), (84, 48), (63, 47), (75, 45)]",[],[],[],[]
chip618.jpg,"[(70, 17)]",[],[],[],[]
chip619.jpg,[],[],[],[],[]
chip62.jpg,[],[],[],[],[]
chip620.jpg,[],[],[],[],[]
chip621.jpg,[],[],[],[],[]
chip622.jpg,[],[],[],[],[]
chip623.jpg,[],[],[],[],[]
chip624.jpg,[],[],"[(9, 80)]",[],[]
chip625.jpg,[],[],[],[],[]
chip626.jpg,"[(93, 69), (99, 23), (97, 11)]",[],[],[],[]
chip627.jpg,"[(86, 94), (93, 84), (72, 50), (94, 49), (28, 36)]",[],"[(94, 93)]",[],[]
chip628.jpg,"[(52, 62), (98, 17)]",[],[],[],[]
chip629.jpg,"[(99, 88), (77, 82), (71, 52), (86, 32)]",[],"[(63, 77), (62, 34)]",[],[]
chip63.jpg,[],[],[],[],[]
chip630.jpg,"[(54, 87), (82, 75), (90, 60), (51, 51), (28, 42), (67, 41), (94, 15)]",[],[],[],[]
chip631.jpg,"[(23, 66), (12, 66), (0, 59), (91, 47), (19, 35), (4, 33), (33, 26), (63, 13), (29, 11), (83, 4)]",[],"[(18, 92), (18, 81)]",[],[]
chip632.jpg,"[(36, 94), (20, 42), (36, 35), (37, 7)]",[],[],[],[]
chip633.jpg,"[(82, 73), (96, 58), (17, 48), (44, 47), (78, 34), (99, 8), (56, 5)]",[],"[(90, 32), (87, 7)]",[],[]
chip634.jpg,[],[],[],[],[]
chip635.jpg,[],[],[],[],[]
chip636.jpg,[],[],[],[],[]
chip637.jpg,[],[],[],[],[]
chip638.jpg,[],[],[],[],[]
chip639.jpg,"[(73, 99), (35, 92), (10, 75)]",[],"[(60, 12), (39, 8)]",[],[]
chip64.jpg,[],[],[],[],[]
chip640.jpg,"[(22, 99), (46, 88), (85, 61), (26, 35), (79, 30), (90, 8), (31, 3), (96, 0), (7, 0)]",[],[],[],[]
chip641.jpg,"[(50, 90), (23, 75), (35, 72), (21, 63), (37, 49), (46, 45), (0, 42), (15, 40), (17, 25), (13, 17), (57, 16), (68, 10), (22, 0)]",[],[],[],[]
chip642.jpg,"[(7, 86), (28, 69), (96, 48), (38, 37), (30, 33), (71, 29), (74, 16), (13, 15), (8, 0)]",[],"[(5, 95)]",[],[]
chip643.jpg,"[(69, 99), (57, 75), (36, 68), (78, 59), (68, 49), (21, 38), (50, 33)]",[],"[(37, 7)]",[],[]
chip644.jpg,"[(8, 94), (70, 90), (31, 80), (52, 67), (15, 59), (81, 52), (36, 27), (49, 15), (77, 0)]",[],[],"[(43, 74)]",[]
chip645.jpg,"[(87, 99), (61, 86), (10, 84), (41, 64), (72, 55), (77, 44), (17, 28), (80, 24), (57, 7)]",[],[],[],[]
chip646.jpg,"[(52, 99), (89, 84), (96, 68), (6, 67), (40, 63), (80, 50), (78, 34), (54, 34), (17, 34), (87, 0)]",[],[],"[(43, 99)]",[]
chip647.jpg,"[(4, 83), (62, 70), (87, 69), (40, 64), (4, 36), (23, 20), (0, 8), (52, 0)]",[],[],"[(77, 5)]",[]
chip648.jpg,[],[],[],[],[]
chip649.jpg,[],[],[],[],[]
chip65.jpg,[],[],[],[],[]
chip650.jpg,[],[],[],[],[]
chip651.jpg,[],[],[],[],[]
chip652.jpg,[],[],[],[],[]
chip653.jpg,"[(16, 95), (55, 78), (13, 68), (23, 36), (22, 14)]",[],"[(36, 93), (55, 86), (5, 80), (10, 30), (20, 28), (18, 23)]",[],[]
chip654.jpg,"[(90, 99), (99, 83), (5, 34)]",[],"[(52, 4)]",[],[]
chip655.jpg,"[(7, 99), (5, 42), (79, 22)]",[],"[(87, 15)]",[],[]
chip656.jpg,"[(39, 76), (52, 29)]",[],[],[],[]
chip657.jpg,"[(85, 84), (27, 62)]",[],[],[],[]
chip658.jpg,"[(22, 97), (46, 93), (74, 82), (1, 80), (28, 72), (99, 56), (64, 54), (4, 47), (30, 44), (11, 4)]",[],"[(46, 75)]",[],[]
chip659.jpg,"[(60, 83), (39, 82), (99, 71), (57, 61), (11, 61), (75, 60), (88, 36), (12, 35), (41, 29), (67, 12)]",[],"[(26, 87)]",[],[]
chip66.jpg,[],[],[],[],[]
chip660.jpg,"[(32, 77), (77, 75), (52, 75), (13, 59), (55, 55), (86, 41), (70, 35), (11, 31), (62, 16), (33, 10)]",[],[],"[(38, 17)]",[]
chip661.jpg,"[(77, 69), (8, 28), (68, 27), (22, 20), (74, 10), (17, 2)]",[],[],[],[]
chip662.jpg,"[(87, 78), (48, 67), (14, 59), (67, 49), (84, 34), (50, 28), (74, 7)]",[],[],"[(94, 0)]",[]
chip663.jpg,[],[],[],[],[]
chip664.jpg,[],[],[],[],[]
chip665.jpg,[],[],[],[],[]
chip666.jpg,[],[],[],[],[]
chip667.jpg,[],[],[],[],[]
chip668.jpg,[],[],"[(7, 84), (6, 76)]",[],[]
chip669.jpg,[],[],[],[],[]
chip67.jpg,[],[],[],[],[]
chip670.jpg,[],[],[],[],[]
chip671.jpg,[],[],[],[],[]
chip672.jpg,"[(55, 97), (52, 67), (24, 59), (69, 39), (23, 35), (71, 7), (80, 5)]",[],[],"[(0, 83)]",[]
chip673.jpg,"[(15, 73), (78, 70), (71, 57), (85, 32), (30, 25), (87, 16)]",[],[],[],[]
chip674.jpg,"[(79, 91), (16, 84), (44, 66), (0, 58), (76, 52), (23, 36), (25, 16), (34, 11), (94, 6), (15, 6)]",[],[],[],[]
chip675.jpg,"[(80, 92), (0, 83), (64, 82), (41, 60), (63, 56), (89, 53), (4, 50), (60, 27), (15, 15), (46, 14)]",[],[],"[(29, 99), (56, 35)]",[]
chip676.jpg,"[(26, 92), (88, 71), (15, 66), (41, 65), (49, 49), (82, 47), (92, 33), (36, 23), (60, 15)]",[],[],"[(61, 8)]",[]
chip677.jpg,[],[],[],[],[]
chip678.jpg,[],[],[],[],[]
chip679.jpg,[],[],[],[],[]
chip68.jpg,[],[],[],[],[]
chip680.jpg,[],[],[],[],[]
chip681.jpg,[],[],[],[],[]
chip682.jpg,[],[],[],[],[]
chip683.jpg,[],[],[],[],[]
chip684.jpg,[],[],[],[],[]
chip685.jpg,"[(14, 95)]",[],[],[],[]
chip686.jpg,"[(39, 89), (64, 79), (62, 53), (18, 46), (45, 44), (86, 29), (34, 23), (84, 10), (15, 10)]",[],[],[],[]
chip687.jpg,"[(19, 81), (64, 68), (36, 66), (37, 41), (7, 31), (97, 21), (40, 17), (78, 12)]",[],[],[],[]
chip688.jpg,"[(13, 88), (4, 63), (51, 22)]",[],[],[],[]
chip689.jpg,"[(0, 99), (38, 80), (13, 4)]",[],[],[],[]
chip69.jpg,[],[],[],[],[]
chip690.jpg,"[(77, 84), (24, 51), (63, 25)]",[],"[(63, 40)]",[],[]
chip691.jpg,[],[],[],[],[]
chip692.jpg,[],[],[],[],[]
chip693.jpg,[],[],[],[],[]
chip694.jpg,[],[],[],[],[]
chip695.jpg,[],[],[],[],[]
chip696.jpg,[],[],[],[],[]
chip697.jpg,[],[],[],[],[]
chip698.jpg,[],[],[],[],[]
chip699.jpg,[],[],[],[],[]
chip7.jpg,[],[],[],[],[]
chip70.jpg,[],[],[],[],[]
chip700.jpg,"[(25, 96), (3, 92), (49, 87), (31, 87), (31, 65), (14, 49), (41, 34), (35, 27), (56, 5)]",[],"[(15, 9)]",[],[]
chip701.jpg,"[(13, 91), (66, 75), (28, 52), (44, 50), (53, 48), (59, 41), (76, 40), (35, 35), (24, 13)]",[],[],"[(7, 42)]",[]
chip702.jpg,"[(40, 95), (52, 87), (74, 73), (64, 73), (92, 29), (35, 5), (22, 2)]",[],"[(47, 17), (18, 12), (29, 3)]",[],[]
chip703.jpg,[],[],[],[],[]
chip704.jpg,[],[],[],[],[]
chip705.jpg,[],[],[],[],[]
chip706.jpg,[],[],[],[],[]
chip707.jpg,[],[],[],[],[]
chip708.jpg,[],[],[],[],[]
chip709.jpg,[],[],[],[],[]
chip71.jpg,[],[],[],[],[]
chip710.jpg,[],[],[],[],[]
chip711.jpg,[],[],[],[],[]
chip712.jpg,[],[],[],[],[]
chip713.jpg,"[(39, 99)]",[],[],[],[]
chip714.jpg,[],[],[],[],[]
chip715.jpg,[],[],[],[],[]
chip716.jpg,[],[],[],[],[]
chip717.jpg,[],[],[],[],[]
chip718.jpg,[],[],[],[],[]
chip719.jpg,[],[],[],[],[]
chip72.jpg,[],[],[],[],[]
chip720.jpg,[],[],[],[],[]
chip721.jpg,[],[],[],[],[]
chip722.jpg,[],[],[],[],[]
chip723.jpg,[],[],[],[],[]
chip724.jpg,[],[],[],[],[]
chip725.jpg,[],[],[],[],[]
chip726.jpg,[],[],[],[],[]
chip727.jpg,[],[],[],[],[]
chip728.jpg,"[(43, 91), (21, 75)]",[],[],[],[]
chip729.jpg,[],[],[],[],[]
chip73.jpg,[],[],[],[],[]
chip730.jpg,[],[],[],[],[]
chip731.jpg,[],[],[],[],[]
chip732.jpg,[],[],[],[],[]
chip733.jpg,[],[],[],[],[]
chip734.jpg,[],[],[],[],[]
chip735.jpg,[],[],[],[],[]
chip736.jpg,[],[],[],[],[]
chip737.jpg,[],[],[],[],[]
chip738.jpg,[],[],[],[],[]
chip739.jpg,[],[],[],[],[]
chip74.jpg,[],[],[],[],[]
chip740.jpg,[],[],[],[],[]
chip741.jpg,[],[],[],[],[]
chip742.jpg,[],[],[],[],[]
chip743.jpg,[],[],[],[],[]
chip744.jpg,[],[],[],[],[]
chip745.jpg,[],[],[],[],[]
chip746.jpg,[],[],[],[],[]
chip747.jpg,[],[],[],[],[]
chip748.jpg,[],[],[],[],[]
chip749.jpg,[],[],[],[],[]
chip75.jpg,[],[],[],[],[]
chip750.jpg,[],[],[],[],[]
chip751.jpg,[],[],[],[],[]
chip752.jpg,[],[],[],[],[]
chip753.jpg,[],[],[],[],[]
chip754.jpg,[],[],[],[],[]
chip755.jpg,[],[],[],[],[]
chip756.jpg,[],[],[],[],[]
chip757.jpg,[],[],[],[],[]
chip758.jpg,[],[],[],[],[]
chip759.jpg,[],[],[],[],[]
chip76.jpg,[],[],[],[],[]
chip760.jpg,[],[],[],[],[]
chip761.jpg,[],[],[],[],[]
chip762.jpg,[],[],[],[],[]
chip763.jpg,[],[],[],[],[]
chip764.jpg,[],[],[],[],[]
chip765.jpg,[],[],[],[],[]
chip766.jpg,[],[],[],[],[]
chip767.jpg,[],[],[],[],[]
chip768.jpg,[],[],[],[],[]
chip769.jpg,[],[],[],[],[]
chip77.jpg,[],[],[],[],[]
chip770.jpg,[],[],[],[],[]
chip771.jpg,[],[],[],[],[]
chip772.jpg,[],[],[],[],[]
chip773.jpg,[],[],[],[],[]
chip774.jpg,[],[],[],[],[]
chip775.jpg,[],[],[],[],[]
chip776.jpg,[],[],[],[],[]
chip777.jpg,[],[],[],[],[]
chip778.jpg,[],[],[],[],[]
chip779.jpg,[],[],[],[],[]
chip78.jpg,[],[],[],[],[]
chip780.jpg,[],[],[],[],[]
chip781.jpg,[],[],[],[],[]
chip782.jpg,[],[],[],[],[]
chip783.jpg,[],[],[],[],[]
chip784.jpg,[],[],[],[],[]
chip785.jpg,[],[],[],[],[]
chip786.jpg,[],[],[],[],[]
chip787.jpg,[],[],[],[],[]
chip788.jpg,[],[],[],[],[]
chip789.jpg,[],[],[],[],[]
chip79.jpg,[],[],[],[],[]
chip790.jpg,[],[],[],[],[]
chip791.jpg,[],[],[],[],[]
chip792.jpg,[],[],[],[],[]
chip793.jpg,[],[],[],[],[]
chip794.jpg,[],[],[],[],[]
chip795.jpg,[],[],[],[],[]
chip796.jpg,[],[],[],[],[]
chip797.jpg,[],[],[],[],[]
chip798.jpg,[],[],[],[],[]
chip799.jpg,[],[],[],[],[]
chip8.jpg,[],[],[],[],[]
chip80.jpg,[],[],[],[],[]
chip800.jpg,[],[],[],[],[]
chip801.jpg,[],[],[],[],[]
chip802.jpg,[],[],[],[],[]
chip803.jpg,[],[],[],[],[]
chip804.jpg,[],[],[],[],[]
chip805.jpg,[],[],[],[],[]
chip806.jpg,[],[],[],[],[]
chip807.jpg,[],[],[],[],[]
chip808.jpg,[],[],[],[],[]
chip809.jpg,[],[],[],[],[]
chip81.jpg,[],[],[],[],[]
chip810.jpg,[],[],[],[],[]
chip811.jpg,[],[],[],[],[]
chip812.jpg,[],[],[],[],[]
chip813.jpg,[],[],[],[],[]
chip814.jpg,[],[],[],[],[]
chip815.jpg,[],[],[],[],[]
chip816.jpg,[],[],[],[],[]
chip817.jpg,[],[],[],[],[]
chip818.jpg,[],[],[],[],[]
chip819.jpg,[],[],[],[],[]
chip82.jpg,[],[],[],[],[]
chip820.jpg,[],[],[],[],[]
chip821.jpg,[],[],[],[],[]
chip822.jpg,[],[],[],[],[]
chip823.jpg,[],[],[],[],[]
chip824.jpg,[],[],[],[],[]
chip825.jpg,[],[],[],[],[]
chip826.jpg,[],[],[],[],[]
chip827.jpg,[],[],[],[],[]
chip828.jpg,[],[],[],[],[]
chip829.jpg,[],[],[],[],[]
chip83.jpg,[],[],[],[],[]
chip830.jpg,[],[],[],[],[]
chip831.jpg,[],[],[],[],[]
chip832.jpg,[],[],[],[],[]
chip833.jpg,[],[],[],[],[]
chip834.jpg,[],[],[],[],[]
chip835.jpg,[],[],[],[],[]
chip836.jpg,[],[],[],[],[]
chip837.jpg,[],[],[],[],[]
chip838.jpg,[],[],[],[],[]
chip839.jpg,[],[],[],[],[]
chip84.jpg,[],[],[],[],[]
chip840.jpg,[],[],[],[],[]
chip841.jpg,[],[],[],[],[]
chip842.jpg,[],[],[],[],[]
chip843.jpg,[],[],[],[],[]
chip844.jpg,[],[],[],[],[]
chip845.jpg,[],[],[],[],[]
chip846.jpg,[],[],[],[],[]
chip847.jpg,[],[],[],[],[]
chip848.jpg,[],[],[],[],[]
chip849.jpg,[],[],[],[],[]
chip85.jpg,[],[],[],[],[]
chip850.jpg,[],[],[],[],[]
chip851.jpg,[],[],[],[],[]
chip852.jpg,[],[],[],[],[]
chip853.jpg,[],[],[],[],[]
chip854.jpg,[],[],[],[],[]
chip855.jpg,[],[],[],[],[]
chip856.jpg,[],[],[],[],[]
chip857.jpg,[],[],[],[],[]
chip858.jpg,[],[],[],[],[]
chip859.jpg,[],[],[],[],[]
chip86.jpg,[],[],[],[],[]
chip860.jpg,[],[],[],[],[]
chip861.jpg,[],[],[],[],[]
chip862.jpg,[],[],[],[],[]
chip863.jpg,[],[],[],[],[]
chip864.jpg,[],[],[],[],[]
chip865.jpg,[],[],[],[],[]
chip866.jpg,[],[],[],[],[]
chip867.jpg,[],[],[],[],[]
chip868.jpg,[],[],[],[],[]
chip869.jpg,[],[],[],[],[]
chip87.jpg,[],[],[],[],[]
chip870.jpg,[],[],[],[],[]
chip871.jpg,[],[],[],[],[]
chip872.jpg,[],[],[],[],[]
chip873.jpg,[],[],[],[],[]
chip874.jpg,[],[],[],[],[]
chip875.jpg,[],[],[],[],[]
chip876.jpg,[],[],[],[],[]
chip877.jpg,[],[],[],[],[]
chip878.jpg,[],[],[],[],[]
chip879.jpg,[],[],[],[],[]
chip88.jpg,[],[],[],[],[]
chip880.jpg,[],[],[],[],[]
chip881.jpg,[],[],[],[],[]
chip882.jpg,[],[],[],[],[]
chip883.jpg,[],[],[],[],[]
chip884.jpg,[],[],[],[],[]
chip885.jpg,[],[],[],[],[]
chip886.jpg,[],[],[],[],[]
chip887.jpg,[],[],[],[],[]
chip888.jpg,[],[],[],[],[]
chip889.jpg,[],[],[],[],[]
chip89.jpg,[],[],[],[],[]
chip890.jpg,[],[],[],[],[]
chip891.jpg,[],[],[],[],[]
chip892.jpg,[],[],[],[],[]
chip893.jpg,[],[],[],[],[]
chip894.jpg,[],[],[],[],[]
chip895.jpg,[],[],[],[],[]
chip896.jpg,[],[],[],[],[]
chip897.jpg,[],[],[],[],[]
chip898.jpg,[],[],[],[],[]
chip899.jpg,[],[],[],[],[]
chip9.jpg,[],[],[],[],[]
chip90.jpg,[],[],[],[],[]
chip900.jpg,[],[],[],[],[]
chip901.jpg,[],[],[],[],[]
chip902.jpg,[],[],[],[],[]
chip903.jpg,[],[],[],[],[]
chip904.jpg,[],[],[],[],[]
chip905.jpg,[],[],[],[],[]
chip906.jpg,[],[],[],[],[]
chip907.jpg,[],[],[],[],[]
chip908.jpg,[],[],[],[],[]
chip909.jpg,[],[],[],[],[]
chip91.jpg,[],[],[],[],[]
chip910.jpg,[],[],[],[],[]
chip911.jpg,[],[],[],[],[]
chip912.jpg,[],[],[],[],[]
chip913.jpg,[],[],[],[],[]
chip914.jpg,[],[],[],[],[]
chip915.jpg,[],[],[],[],[]
chip916.jpg,[],[],[],[],[]
chip917.jpg,[],[],[],[],[]
chip918.jpg,[],[],[],[],[]
chip919.jpg,[],[],[],[],[]
chip92.jpg,[],[],[],[],[]
chip920.jpg,[],[],[],[],[]
chip921.jpg,[],[],[],[],[]
chip922.jpg,[],[],[],[],[]
chip923.jpg,[],[],[],[],[]
chip924.jpg,[],[],[],[],[]
chip925.jpg,[],[],[],[],[]
chip926.jpg,[],[],[],[],[]
chip927.jpg,[],[],[],[],[]
chip928.jpg,[],[],[],[],[]
chip929.jpg,[],[],[],[],[]
chip93.jpg,[],[],[],[],[]
chip930.jpg,[],[],[],[],[]
chip931.jpg,[],[],[],[],[]
chip932.jpg,[],[],[],[],[]
chip933.jpg,[],[],[],[],[]
chip934.jpg,[],[],[],[],[]
chip935.jpg,[],[],[],[],[]
chip936.jpg,[],[],[],[],[]
chip937.jpg,[],[],[],[],[]
chip938.jpg,[],[],[],[],[]
chip939.jpg,[],[],[],[],[]
chip94.jpg,[],[],[],[],[]
chip940.jpg,[],[],[],[],[]
chip941.jpg,[],[],[],[],[]
chip942.jpg,[],[],[],[],[]
chip943.jpg,[],[],[],[],[]
chip944.jpg,[],[],[],[],[]
chip945.jpg,[],[],[],[],[]
chip946.jpg,[],[],[],[],[]
chip947.jpg,[],[],[],[],[]
chip948.jpg,[],[],[],[],[]
chip949.jpg,[],[],[],[],[]
chip95.jpg,[],[],[],[],[]
chip950.jpg,[],[],[],[],[]
chip951.jpg,[],[],[],[],[]
chip952.jpg,[],[],[],[],[]
chip953.jpg,[],[],[],[],[]
chip954.jpg,[],[],[],[],[]
chip955.jpg,[],[],[],[],[]
chip956.jpg,[],[],[],[],[]
chip957.jpg,[],[],[],[],[]
chip958.jpg,[],[],[],[],[]
chip959.jpg,[],[],[],[],[]
chip96.jpg,[],[],[],[],[]
chip960.jpg,[],[],[],[],[]
chip961.jpg,[],[],[],[],[]
chip962.jpg,[],[],[],[],[]
chip963.jpg,[],[],[],[],[]
chip964.jpg,[],[],"[(54, 95), (52, 88)]",[],[]
chip965.jpg,[],[],[],[],[]
chip966.jpg,[],[],[],[],[]
chip967.jpg,"[(72, 52), (62, 43), (77, 26)]",[],"[(67, 72)]",[],[]
chip968.jpg,[],[],[],[],[]
chip969.jpg,[],[],[],[],[]
chip97.jpg,[],[],[],[],[]
chip970.jpg,[],[],[],[],[]
chip971.jpg,[],[],[],[],[]
chip972.jpg,[],[],[],[],[]
chip973.jpg,[],[],[],[],[]
chip974.jpg,[],[],[],[],[]
chip975.jpg,[],[],[],[],[]
chip976.jpg,[],[],[],[],[]
chip977.jpg,[],[],[],[],[]
chip978.jpg,[],[],[],[],[]
chip979.jpg,"[(0, 72), (16, 68), (56, 35), (53, 10)]",[],"[(79, 0)]",[],[]
chip98.jpg,[],[],[],[],[]
chip980.jpg,"[(20, 85), (70, 66), (61, 62), (10, 57), (82, 32), (99, 20), (0, 20)]",[],"[(8, 98), (8, 88), (12, 25)]",[],[]
chip981.jpg,[],[],[],[],[]
chip982.jpg,[],[],[],[],[]
chip983.jpg,[],[],[],[],[]
chip984.jpg,[],[],[],[],[]
chip985.jpg,[],[],[],[],[]
chip986.jpg,[],[],[],[],[]
chip987.jpg,[],[],[],[],[]
chip988.jpg,[],[],[],[],[]
chip989.jpg,[],[],[],[],[]
chip99.jpg,[],[],[],[],[]
chip990.jpg,[],[],[],[],[]
chip991.jpg,[],[],[],[],[]
chip992.jpg,[],[],[],[],[]
chip993.jpg,[],[],[],[],[]
chip994.jpg,[],[],[],[],[]
chip995.jpg,[],[],[],[],[]
chip996.jpg,[],[],[],[],[]
chip997.jpg,[],[],[],[],[]
chip998.jpg,[],[],[],[],[]
chip999.jpg,[],[],[],[],[]
